label,concept_id,concept_name
Ultralente Humulin Insulin 100 units per ml,19120831,"Ultralente Insulin, Human 100 UNT/ML [Humulin U Ultralente]"
Nascobal 500mcg,40165411,Vitamin B 12 0.5 MG/ACTUAT Nasal Spray [Nascobal]
Combigan 0.2-0.5%,40164140,Brimonidine tartrate 2 MG/ML / Timolol 5 MG/ML [Combigan]
Defibrotide <IND> 80 mg / mL - 2.5 mL Amp,35603976,2.5 ML defibrotide sodium 80 MG/ML Injection
Budesonide (Nasal) 0.5mg,939422,Budesonide 0.5 MG/ML
Lodosyn 5O MG,40021550,Carbidopa Oral Tablet [Lodosyn]
acetylcysteine 100 mg/ml,19095712,Acetylcysteine 100 MG/ML
budesonide 0.5 mg/2 mL Neb Suspension,939398,Budesonide 0.25 MG/ML
Maprotiline HCl 100,794147,Maprotiline
Pulmicort ea,40020311,Budesonide Inhalant Solution [Pulmicort]
Vytorin 10/20 1,42706204,ezetimibe 10 MG / Simvastatin 20 MG [Vytorin]
Crestor ROSUVASTATIN ,40099654,rosuvastatin Oral Tablet [Crestor]
"Thrombin 5,000 units",1300673,Thrombin
Claritin 10 mg tablet,19033500,Loratadine 10 MG Oral Tablet [Claritin]
Acetylcysteine 20% 30ml Vial,19093622,Acetylcysteine 200 MG/ML
"Prednisolone Acetate 1 % Eye Drops, Susp",43526394,prednisolone acetate 10 MG/ML
Pristiq 50 mg 24 hr Tab,19129683,24 HR desvenlafaxine succinate 50 MG Extended Release Oral Tablet [Pristiq]
Tracleer 125,19124851,bosentan 125 MG Oral Tablet [Tracleer]
Phenytoin Sodium **Brand Name ONLY** 100 mg/4 mL Oral Susp,40163210,Phenytoin sodium 100 MG Oral Capsule
Vancomycin HCl 1GM FROZ. BAG,1707687,Vancomycin
theophylline ER 300 mg 12 hr Tab,1237217,Theophylline 300 MG
Lorazepam ,791967,Lorazepam
Iloprost 10 mcg,1344992,Iloprost
Betamethasone 0.5mg/2mL,920869,Betamethasone 0.25 MG/ML
Concerta (methylphenidate) 54mg,40236493,Methylphenidate Hydrochloride 54 MG [Concerta]
acetylcysteine 600mg,1139058,Acetylcysteine 600 MG
NAC (N-acetyl-L-cysteine 600 mg Cap,1139058,Acetylcysteine 600 MG
tetanus immune globulin tetanus immune globulin,35604680,Tetanus immune globulin
DiphenhydrAMINE ,1129625,Diphenhydramine
Flarex 0.1 % Eye Drops,42708921,FLUOROMETHOLONE ACETATE 1 MG/ML Ophthalmic Suspension [Flarex]
Nitroglycerin 100MG/20ML VIAL,19117574,Nitroglycerin 0.5 MG/ML [Tridil]
Ampicillin Sodium 2g Vial,1717327,Ampicillin
Acular LS 0.4 % Eye Drops,40164856,Ketorolac Tromethamine 4 MG/ML Ophthalmic Solution [Acular]
Medium Chain Triglycerides 0,42899398,Medium chain triglycerides
HYDROmorphone (Dilaudid) ,1126658,Hydromorphone
Lumigan 0.01% 0.01%,40226431,bimatoprost 0.1 MG/ML [Lumigan]
Vasopressin ,1507835,Vasopressin (USP)
Synthroid 150 mcg Tab,40175059,Levothyroxine Sodium 0.15 MG Oral Tablet [Synthroid]
potassium citrate 10 meq,976606,potassium citrate 10 MEQ
Clindamycin 600MG PREMIX,19109384,Clindamycin 600 MG
Metoprolol ,1307046,Metoprolol
Acular 0.5 % Eye Drops,40164864,Ketorolac Tromethamine 5 MG/ML Ophthalmic Solution [Acular]
Maprotiline HCl 25mg caps,42800983,Maprotiline Hydrochloride 25 MG
BENICAR HCT 20-12.5 mg,19135232,Hydrochlorothiazide 12.5 MG / Olmesartan medoxomil 20 MG [Benicar HCT]
Aygestin 5 mg Tab,40224823,norethindrone acetate 5 MG Oral Tablet [Aygestin]
Diltiazem ,1328165,Diltiazem
Etanercept 25 mg Sub-Q Kit,1151789,Etanercept
Coenzyme Q10 900 mg,1351115,Coenzyme Q10
DOPamine ,1337860,Dopamine
Xenazine 25 mg tablets,19131890,Tetrabenazine 25 MG Oral Tablet [Xenazine]
Vancocin 250 mg,19117668,Vancomycin 250 MG [Vancocin]
Riboflavin 50mg,19062923,Riboflavin 50 MG
Dulera (mometasone-formoterol) 200-5mcg/actuation 200 mcg-5 mcg/actuation HFA Aerosol Inhaler,42902603,formoterol fumarate 0.005 MG/ACTUAT / mometasone furoate 0.2 MG/ACTUAT Metered Dose Inhaler [Dulera]
ATRIPLA 600-200-300 mg,19124373,efavirenz 600 MG / emtricitabine 200 MG / Tenofovir disoproxil fumarate 300 MG [Atripla]
ATRIPLA 600-200-300 mg ,19124373,efavirenz 600 MG / emtricitabine 200 MG / Tenofovir disoproxil fumarate 300 MG [Atripla]
Azilect 1mg,19089084,rasagiline 1 MG [Azilect]
Tylenol Arthritis 650 mg Tab,19042362,Acetaminophen 650 MG [Tylenol]
Phenytoin Sodium ,740910,Phenytoin
LIDOCAINE 1% (W/Presv.) ,990243,Lidocaine 10 MG/ML
Melatonin 3 mg,19083332,Melatonin 3 MG
REVLIMID 10 mg Cap,19025426,lenalidomide 10 MG [Revlimid]
brimonidine 0.1 % Eye Drops,40164129,Brimonidine tartrate 1 MG/ML
Bystolic 5mg,19021528,nebivolol 5 MG [Bystolic]
Mesalamine Desensitization 200 mg / 200 mL,968426,mesalamine
Premarin 0.625 mg/gram Vaginal Cream,1549218,"Estrogens, Conjugated (USP) 0.625 MG/ML Vaginal Cream [Premarin]"
Ipratropium Bromide Neb ,1112921,Ipratropium
HYDROmorphone Solution 20mg/ml,1126658,Hydromorphone
Prozac 20 mg Cap,19080281,Fluoxetine 20 MG [Prozac]
Xopenex 1.25 MG/3 ML SOL,19100309, Levalbuterol 0.417 MG/ML [Xopenex]
Defibrotide (IND) 80 mg / mL - 2.5 mL Amp,35603976,2.5 ML defibrotide sodium 80 MG/ML Injection
Zytiga (Abiraterone)  250 mg,40239062,abiraterone acetate 250 MG [Zytiga]
LaMICtal (Brand Name) 150 mg,19118045,lamotrigine 150 MG [Lamictal]
Levemir insulin vial,40130712,insulin detemir Injectable Solution [Levemir]
FUROSEMIDE ,956874,Furosemide
Aleve 220 mg ,19053149,Naproxen sodium 220 MG [Aleve]
Levalbuterol Neb 1.25 mg/3ml,1192244,Levalbuterol 0.417 MG/ML
Leflunomide 10 mg,1101925,leflunomide 10 MG
Actonel 5mg,40174500,risedronate sodium 5 MG [Actonel]
NORMOCARB DIALYSIS SOLUTION 3240 ML BAG,40161286,Magnesium Chloride / Sodium Bicarbonate / Sodium Chloride Injectable Solution [Normocarb HF 25]
XIBROM 0.09 % Eye Drops,1139215,bromfenac 0.9 MG/ML Ophthalmic Solution [Xibrom]
danazol 100MG,1511686,Danazol 100 MG
ATRIPLA 600-200-300,19124373,efavirenz 600 MG / emtricitabine 200 MG / Tenofovir disoproxil fumarate 300 MG [Atripla]
Riboflavin 50 mg,19062923,Riboflavin 50 MG
degarelix 120 mg Sub-Q Soln,1718073,degarelix 120 MG
EPINEPHrine ,1343916,Epinephrine
Dutasteride 0.5MG,19097771,Dutasteride 0.5 MG
Phenylephrine 2.5% opth 2.5%,1135766,Phenylephrine
Erlotinib (Tarceva) 150 mg,40236072,erlotinib 150 MG [Tarceva]
Varenicline 1 mg,780445,varenicline 1 MG
"Enablex 15 mg tablet,extended release",19134734,darifenacin 15 MG Extended Release Oral Tablet [Enablex]
Normocarb Dialysate 3240 ml Bag,40161286,Magnesium Chloride / Sodium Bicarbonate / Sodium Chloride Injectable Solution [Normocarb HF 25]
Balsalazide Disodium 750 mg,40168548,Balsalazide disodium 750 MG
Ranolazine 500,19123444,ranolazine 500 MG
Magnesium Sulfate 1gm/2ml vial,19110661,Magnesium Sulfate 1.2 MEQ/ML
Coenzyme Q10 100mg Capsule,1351153,coenzyme Q10 100 MG Oral Capsule
Avodart 0.5 mg Cap,989486,Dutasteride 0.5 MG Oral Capsule [Avodart]
Aciphex 20 mg,40163287,Rabeprazole sodium 20 MG [Aciphex]
Famotidine 20mg Premix Bag,953120,Famotidine 20 MG
Requip XL 4,19023243,ropinirole 4 MG [Requip]
Syringe (0.9% Sodium Chloride) 1 Syringe,40141424,Sodium Chloride Prefilled Syringe
Leflunomide 20 mg,1101926,leflunomide 20 MG
mylanta 1,40036967,Famotidine Oral Tablet [Mylanta AR]
Neulasta 6,19120970,pegfilgrastim 10 MG/ML [Neulasta]
Corn Starch (Bulk) 35gm,40230159,cornstarch
Exelon 9.5 mg/24 hour Transderm 24 hr Patch,19127050,rivastigmine 0.396 MG/HR [Exelon]
Norepinephrine 4MG/4ML AMP,1321364,Norepinephrine 1 MG/ML
ATRIPLA 1,40134708,efavirenz / emtricitabine / tenofovir disoproxil Oral Tablet [Atripla]
Erlotinib (Tarceva) 150 mg Tab,40236071,erlotinib 150 MG Oral Tablet [Tarceva]
Sodium Bicarbonate ,939506,Sodium Bicarbonate
Ondansetron ,1000560,Ondansetron
Dilantin (phenytoin sodium ER) 100mg capsule,40163212,Phenytoin sodium 100 MG Oral Capsule [Dilantin]
creatine  800mg,19071967,Creatine
Flonase    ,36250166,fluticasone Metered Dose Nasal Spray [Flonase]
Darifenacin 7.5 mg,916233,darifenacin 7.5 MG
Betamethasone Sodium Phos/Acet 12mg/2ml Syringe,920458,Betamethasone
Exelon 9.5 mg/24 hours,19127050,rivastigmine 0.396 MG/HR [Exelon]
Saccharomyces BOULARDII 1 Capsule,991855,Saccharomyces boulardii
Alprazolam 0.5mg Tablet,19072934,Alprazolam 0.5 MG Oral Tablet
RozEREM (ramelteon) tablets,40130130,ramelteon Oral Tablet [Rozerem]
Thalidomide 200 MG,19099817,Thalidomide 200 MG
Acetaminophen (Liquid) ,40220874,Acetaminophen Injection
Unoprostone Isopropyl 0.15%,19085137,isopropyl unoprostone 1.5 MG/ML
sodium citrate-citric acid 500 mg-334 mg/5 mL Oral Soln,19114106,Citric Acid 66.8 MG/ML / sodium citrate 100 MG/ML Oral Solution
Brimonidine 0.2% solution,915542,brimonidine
"Prednisolone Acetate 0.12 % Eye Drops, Susp",1550557,prednisolone
fluticasone 110 mcg/Actuation Aerosol Inhaler,42903220,Fluticasone propionate 0.11 MG/ACTUAT Metered Dose Inhaler
Singulair 10 mg,19117210,montelukast 10 MG [Singulair]
TRAVATAN Z 0.004 % Eye Drops,19071741,travoprost 0.04 MG/ML Ophthalmic Solution [Travatan]
Telbivudine 600 mg,19125088,telbivudine 600 MG
Faslodex 250 mg,19048441,fulvestrant 50 MG/ML [Faslodex]
Neurontin 400 mg,19038877,gabapentin 400 MG [Neurontin]
Morphine ,1110410,Morphine
Relpax 40mg,19121123,eletriptan 40 MG [Relpax]
Sodium Chloride 23.4%;30ML V,19136048,Sodium
Librax 2.5/5 mg,40168637,Chlordiazepoxide Hydrochloride 5 MG / Clidinium bromide 2.5 MG [Librax]
Phenylephrine HCl 50MG/5ML VIAL,1136802,Phenylephrine 10 MG/ML
Adefovir Dipivoxil 10 mg,40168219,adefovir dipivoxil 10 MG
warfarin 10 mg,40163517,Warfarin Sodium 10 MG
Glycerin (Laxative) gm/ml,961145,Glycerin
sunitinib 50 mg Cap,1336627,sunitinib 50 MG Oral Capsule
Olmesartan 40 mg Tab,19096752,Olmesartan medoxomil 40 MG Oral Tablet
Keppra 250 mg,19099448,Levetiracetam 250 MG [Keppra]
escitalopram 10mg,19098080,Escitalopram 10 MG
Gengraf 25mg capsule (modified),19010560,"cyclosporine, modified 25 MG Oral Capsule [Gengraf]"
Humira 40 mg/0.8mL,19121015,adalimumab 50 MG/ML [Humira]
Sutent 50 mg Cap,1336628,sunitinib 50 MG Oral Capsule [Sutent]
Durezol 0.05% drops 1 drop,19131677,difluprednate 0.5 MG/ML [Durezol]
Plasmanate 5 % IV,19118645,plasma protein fraction 50 MG/ML [Plasmanate]
Actonel 5 mg,40174500,risedronate sodium 5 MG [Actonel]
Timolol Maleate 0.5% XE 0.5% XE opth soln,1594709,Timolol 5 MG/ML Ophthalmic Solution
CONCERTA 27 mg,40236461,Methylphenidate Hydrochloride 27 MG [Concerta]
Coenzyme Q10 10mg cap,1351189,coenzyme Q10 10 MG
Zegerid OTC 20 mg-1.1 gram Cap,19091798,Omeprazole 20 MG / Sodium Bicarbonate 1100 MG [Zegerid Reformulated Aug 2006]
Cryselle (28) 0.3-30 mg-mcg,19121080,Ethinyl Estradiol 0.03 MG / Norgestrel 0.3 MG [Cryselle]
Mesalamine Desensitization 100 mg / 100 mL,968426,mesalamine
Menest (esterified estrogens) 0.625mg ,19072944,"Estrogens, Esterified (USP) 0.625 MG [Menest]"
Mesalamine Desensitization 1 mg / 10 mL,968426,mesalamine
Sodium Chloride 0.9%  Flush Syringe,40141424,Sodium Chloride Prefilled Syringe
Xanax 0.5mg Tablet,781041,Alprazolam 0.5 MG Oral Tablet [Xanax]
Water water,19010309,Water
Folgard 1,40238314,Folic Acid / Vitamin B 12 / Vitamin B6 Oral Tablet [Folgard]
HEPARIN ,1367571,heparin
Fentanyl Citrate 800 mcg,42705596,Fentanyl 0.8 MG/ACTUAT
Advicor 500-20,19027244,Lovastatin 20 MG / Niacin 500 MG [Advicor]
Tocopheryl 400,19014252,"TOCOPHERYL ACID SUCCINATE,D-ALPHA 400 UNT"
Apriso 0.375 gram 24 hr Cap,19134964,mesalamine 375 MG Extended Release Oral Capsule [Apriso]
Folplex 2.2 2.2,40135920,Folic Acid / Vitamin B 12 / Vitamin B6 Oral Tablet [Folplex]
Claritin 10 mg,19047283,Loratadine 10 MG [Claritin]
Ketamine Study Drug (*IND*) Study Drug,785649,Ketamine
Conjugated Estrogens 1.25 mg Tab,1549184,"Estrogens, Conjugated (USP) 1.25 MG"
Protamine Sulfate ,19054242,Protamine Sulfate (USP)
Tykerb 250 mg,19125317,lapatinib 250 MG [Tykerb]
Symbicort 160,42706348,Budesonide 0.16 MG/ACTUAT / formoterol fumarate 0.0045 MG/ACTUAT [Symbicort]
Flovent HFA 220 mcg/Actuation Aerosol Inhaler,42902500,Fluticasone propionate 0.22 MG/ACTUAT Metered Dose Inhaler [Flovent]
Beclomethasone Dipro. AQ (Nasal) 42mcg,40173730,Beclomethasone Dipropionate 0.042 MG/ACTUAT
Lactobacillus Acidophilus capsule,40050771,Lactobacillus acidophilus Oral Capsule
Insulin Detemir 100units/mL,19112694,insulin detemir 100 UNT/ML
Zanamivir (*IND*) 10 mg / mL - 20 mL Vial,1708748,Zanamivir
Azilect 1mg tablet,715735,rasagiline 1 MG Oral Tablet [Azilect]
Novolog 16 units,46234042,"Insulin, Aspart, Human Cartridge [NovoLog]"
"Epoetin Alfa 20,000 UNIT VIAL",19081203,Epoetin Alfa 20000 UNT/ML
Creon 20 3 CAPS,40166157,Amylases / Endopeptidases / Lipase Oral Capsule [Creon]
Istalol 0.5 % Eye Drops,902519,Timolol 5 MG/ML Ophthalmic Solution [Istalol]
humulin R 1 unit/mL,19062458,"Regular Insulin, Human 100 UNT/ML [Humulin R]"
Pantoprazole Dummy Pkg for POE pump and PHA SS ordering,948078,pantoprazole
Uroxatral 10 mg 24 hr Tab,40235407,Alfuzosin hydrochloride 2.5 MG Oral Tablet [UroXatral]
budesonide 0.25 mg/2 mL Neb Suspension,19038790,Budesonide 0.125 MG/ML [Pulmicort]
Zyflo CR 600 mg Tablet,1147880,zileuton 600 MG Oral Tablet [Zyflo]
Ketorolac 0.4 % Eye Drops,1136980,Ketorolac
Felodipine 5mg,1353817,Felodipine 5 MG
Sodium Chloride 0.45% Flush 3 mL Syringe,40141424,Sodium Chloride Prefilled Syringe
Junel FE 1/20 (28) 1-20 mg-mcg ,42902170,{21 (Ethinyl Estradiol 0.02 MG / norethindrone acetate 1 MG Oral Tablet) / 7 (Ferrous fumarate 75 MG Oral Tablet) } Pack [Junel Fe 1/20 28 Day]
Inderal LA 60 mg ,40163352,Propranolol Hydrochloride 60 MG [Inderal]
Metronidazole 500mg Premix Bag,1707403,Metronidazole 500 MG
Acetic Acid Otic 2%,40004903,Acetic Acid Otic Solution
Zomig 5,19120254,zolmitriptan 5 MG [Zomig]
Plan B 2 tablet pack (0.75mg each),19129473,{2 (Levonorgestrel 0.75 MG Oral Tablet) } Pack [Plan B]
Molindone 10 mg,42801018,Molindone Hydrochloride 10 MG
Phenylephrine HCl 100mcg/ml,1135766,Phenylephrine
Chantix 1 mg Tab,19124311,varenicline 1 MG Oral Tablet [Chantix]
thyroid 8,1501576,thyroid (USP) 8 MG
Revatio 20 mg tablet,1316304,sildenafil 20 MG Oral Tablet [Revatio]
Hydrocortisone Na Succ. 100mg/2mL Vial,975125,Hydrocortisone
ATRIPLA 1 tab,40134708,efavirenz / emtricitabine / tenofovir disoproxil Oral Tablet [Atripla]
Benicar HCT 40-12.5,19135230,Hydrochlorothiazide 12.5 MG / Olmesartan medoxomil 40 MG [Benicar HCT]
Rosuvastatin (Crestor) 5mg tablet,40165262,Rosuvastatin calcium 5 MG Oral Tablet [Crestor]
motilium 10mg,19115975,Domperidone 10 MG [Motilium]
solifenacin 10 mg Tab,916008,solifenacin succinate 10 MG Oral Tablet
Enablex 15 mg,19114109,darifenacin 15 MG [Enablex]
Levetiracetam 750 mg Tab,19078781,Levetiracetam 750 MG Oral Tablet
Levemir 100 unit/mL Sub-Q,19044971,insulin detemir 100 UNT/ML [Levemir]
Lidocaine ,989878,Lidocaine
Relpax 40 mg,19121123,eletriptan 40 MG [Relpax]
Diprosone 0.05%,19062372,Betamethasone 0.0005 MG/MG [Diprosone]
Lotemax 0.5 % Eye Drops,42901650,loteprednol etabonate 0.005 MG/MG Ophthalmic Gel [Lotemax]
dutasteride 0.5 mg Cap,989485,Dutasteride 0.5 MG Oral Capsule
rivastigmine 9.5,733523,rivastigmine
Azopt 1 % Eye Drops,938045,brinzolamide 10 MG/ML Ophthalmic Suspension [Azopt]
IRESSA 250mg tab,19102199,gefitinib 250 MG Oral Tablet [Iressa]
Temodar 140 mg Cap,19126409,temozolomide 140 MG Oral Capsule [Temodar]
orphenadrine citrate 30 mg/mL Injection,35605475,Orphenadrine Citrate 30 MG/ML Injection
Namenda 10 mg,40222836,Memantine hydrochloride 10 MG [Namenda]
Mesalamine Desensitization 0.1 mg / 10 mL,968426,mesalamine
Depakote 250 mg Tab,40238250,Divalproex Sodium 250 MG [Depakote]
Dobutamine 250MG PREMIX,1337720,Dobutamine
Vytorin 10-20 10 mg-20 mg Tab,42706204,ezetimibe 10 MG / Simvastatin 20 MG [Vytorin]
Lactobacillus Acidophilus TAB,40136066,Lactobacillus acidophilus Oral Tablet
Levofloxacin 500MG PM BAG,19082484,Levofloxacin 500 MG
Belatacept Study Drug (*IND*) Vial,40239665,belatacept
desvenlafaxine 50 mg,19129680,Desvenlafaxine 50 MG
Xenaderm ea,40125480,Castor Oil / Peruvian balsam / TRYPSIN Topical Ointment [Xenaderm]
Isradipine 15mg,1326012,Isradipine
Zestoretic Zestoretic,40155308,Hydrochlorothiazide / Lisinopril Oral Tablet [Zestoretic]
Symbicort 160/4.5,42708517,60 ACTUAT Budesonide 0.16 MG/ACTUAT / formoterol fumarate 0.0045 MG/ACTUAT Metered Dose Inhaler [Symbicort]
potassium citrate 10 mEq,976606,potassium citrate 10 MEQ
sevelamer carbonate 2.4gm,1718121,sevelamer carbonate 2400 MG
Tobramycin Fortified Ophth. Soln. 14mg/mL,902722,Tobramycin
Thrombin 5000 units/5 ml,19103103,Thrombin 1000 UNT/ML
Combigan 1 Drop,40143811,brimonidine / Timolol Ophthalmic Solution [Combigan]
Nexium 40mg capsules 40 mg capsules,19005696,Esomeprazole 40 MG [Nexium]
"Streptokinase 250,000 UNITS",19136187,Streptokinase
Sodium Citrate 3mL Syringe,977968,sodium citrate
BIMATOPROST (Lumigan) 0.03% OPTH SOLUTION,904526,bimatoprost 0.3 MG/ML Ophthalmic Solution [Lumigan]
Dutasteride (Avodart ) 0.5 mg cap,989486,Dutasteride 0.5 MG Oral Capsule [Avodart]
Trisodium Citrate 4% Replacement Soln 3556mL Bag,19065826,trisodium citrate
Plan B 0.75,19129473,{2 (Levonorgestrel 0.75 MG Oral Tablet) } Pack [Plan B]
Bosentan 125 mg,19098071,bosentan 125 MG
LORAZEPAM ,791967,Lorazepam
desvenlafaxine ER 50 mg 24 hr Tab,19129681,24 HR Desvenlafaxine 50 MG Extended Release Oral Tablet
Cosyntropin 250 mcg Vial,19008009,Cosyntropin
ESMOLOL ,19063575,esmolol
Ipratropium Bromide 0.06 % Nasal Spray Aerosol,1112921,Ipratropium
creatine monohydrate 800 mg caps,19071967,Creatine
Thyroid 4mg,1501309,thyroid (USP)
VALPROIC ACID 250MG/5ML,40238016,Valproic Acid 50 MG/ML
Pimozide 5mg,745790,Pimozide
Ocuvite 150-30-6-150 mg-unit-mg-mg,40169442,Ascorbic Acid / cuprous oxide / Lutein / Vitamin E / Zinc Oxide Oral Capsule [Ocuvite Lutein]
Pristiq 100 mg 24 hr Tab,19134912,Desvenlafaxine 100 MG Extended Release Oral Tablet [Pristiq]
Clobetasol Propionate 0.05% CREAM,40164510,Clobetasol Propionate 0.0005 MG/MG [Cormax]
VESIcare 5mg,19069988,solifenacin succinate 5 MG [Vesicare]
amphotericin B (bulk) 1.5mg/ml,952045,Amphotericin
Iloprost 10mcg/ml,19101291,Iloprost 0.1 MG/ML
Tarceva 150 mg,40236072,erlotinib 150 MG [Tarceva]
Bupivacaine 0.50% 0.50%; 30ML V,19100871,Levobupivacaine 0.5 MG/ML
AZILECT 0.5 mg Tab,715736,rasagiline 0.5 MG Oral Tablet [Azilect]
Novolog 100 units/ml,19005729,"Insulin, Aspart, Human 100 UNT/ML [NovoLog]"
Zytiga 250mg,40239062,abiraterone acetate 250 MG [Zytiga]
Prempro 0.626mg-2.5mg,40228334,"Estrogens, Conjugated (USP) 0.625 MG / medroxyprogesterone acetate 2.5 MG [Prempro]"
Rasagiline 1,19123236,rasagiline 1 MG
Avodart 0.5,19031909,Dutasteride 0.5 MG [Avodart]
Acetazolamide Sodium 500MG VIAL,929517,Acetazolamide 500 MG
Systane 0.4 %-0.3 % Eye Drops,40170174,Polyethylene Glycol 400 0.004 MG/MG / Propylene glycol 0.003 MG/MG [Systane]
Avodart (dutasteride) 0.5mg tabet,989486,Dutasteride 0.5 MG Oral Capsule [Avodart]
Durezol 0.05% drops 0.05%,19131678,difluprednate 0.5 MG/ML Ophthalmic Suspension [Durezol]
Cosyntropin  250 mcg Vial,19008009,Cosyntropin
Exelon Transdermal Patch Extended Release 9.5 MG/24 HR,19127050,rivastigmine 0.396 MG/HR [Exelon]
Aciphex 20,40163287,Rabeprazole sodium 20 MG [Aciphex]
Melatonin 1 mg,1301233,Melatonin 1 MG
Normocarb Dialysis Soln 3240ml Bag,40161286,Magnesium Chloride / Sodium Bicarbonate / Sodium Chloride Injectable Solution [Normocarb HF 25]
docosanol 10%,980956,docosanol 100 MG/ML
fenofibrate 160 mg tablet,1551838,Fenofibrate 160 MG Oral Tablet
Prometrium 100 mg Cap,19068730,Progesterone 100 MG Oral Capsule [Prometrium]
Alrex 0.2%,19053652,loteprednol etabonate 2 MG/ML [Alrex]
Lactobacillus Acidophilus 175 mg,987128,Lactobacillus
Nepafenac 0.1%,19122721,nepafenac 1 MG/ML [Nevanac]
Foradil Aerolizer 12 mcg inhalation Caps,42708524,formoterol fumarate 0.012 MG Inhalant Powder [Foradil]
Unithroid 112 mcg Tab,40087480,levothyroxine Oral Tablet [Unithroid]
HYDROmorphone (Dilaudid) 20 mg/ mL,1126658,Hydromorphone
Nasacort 0,36250148,Triamcinolone Metered Dose Nasal Spray [Nasacort]
"Nepafenac 0.1 % Eye Drops, Susp",19121303,nepafenac 1 MG/ML Ophthalmic Suspension
Buprenorphine HCl 12 mg ,42898498,Buprenorphine 12 MG
Tricor 160 MG,19083457,Fenofibrate 160 MG [Tricor]
Prednisone ORAL CONCENTRATE,40143531,Prednisone Oral Capsule
vancoMYCIN for nasal inhalation 200 mg / 2 mL,1707687,Vancomycin
Vexol 1%,19118409,rimexolone 10 MG/ML [Vexol]
Travoprost 0.004%,904524,travoprost 0.04 MG/ML
Avodart *NF* 0.5mg,19031909,Dutasteride 0.5 MG [Avodart]
Stalevo 100 25 mg-100 mg-200 mg Tab,19102817,Carbidopa 25 MG / entacapone 200 MG / Levodopa 100 MG Oral Tablet [Stalevo]
Bystolic 10mg,19021526,nebivolol 10 MG [Bystolic]
Zaditor (Ketotifen fumarate) 0.025%,19100323,Ketotifen 0.25 MG/ML [Zaditor]
Water WATER,19010309,Water
Trandolapril ,1342439,trandolapril
Astepro 0.15 % (205.5 mcg) Nasal Spray,36250116,Azelastine hydrochloride 0.206 MG/ACTUAT Metered Dose Nasal Spray [Astepro]
Prednisone Prednisone Oral Concentrate,40127030,Prednisone Oral Solution [Prednisone Intensol]
Hydromorphone P.F. 1000mcg/1mL Amp,1126658,Hydromorphone
Ertapenem 500 mg,1717963,ertapenem
Advair Diskus 100/50MCG,40171027,Fluticasone propionate 0.1 MG/ACTUAT / salmeterol 0.05 MG/ACTUAT [Advair]
Klonopin 0.5 mg Tab,19031562,Clonazepam 0.5 MG Oral Tablet [Klonopin]
Morphine Sulfate Given in OR,1110410,Morphine
Prosom  2 mg,19118079,Estazolam 2 MG [ProSom]
Cisatracurium Besylate 200mg/20ml Vial,19015729,Cisatracurium 10 MG/ML
Oxandrolone (Oxandrin) 10mg,1524815,Oxandrolone 10 MG
Vancomycin ophthalmic 50mg/ml bottle,1707687,Vancomycin
Mesalamine Desensitization 25 mg / 25 mL,968426,mesalamine
Mannitol 500ML PREMIX,994058,Mannitol
Carafate 100mg/ml,19089067,Sucralfate 100 MG/ML [Carafate]
"Heparin Sodium 25,000 unit Premix Bag",1367571,heparin
Sevelamer carbonate (Renvela) Renvela powder for suspension,1718125,sevelamer Powder for Oral Suspension [Renvela]
Potassium Chloride ,19049105,Potassium Chloride
Mesalamine Desensitization 0.05 mg / 10 mL ,968426,mesalamine
Nexium 20 mg Cap,19005695,Esomeprazole 20 MG [Nexium]
roflumilast 500mcg,40236898,Roflumilast 0.5 MG
AMIODARONE ,1309944,Amiodarone
AZILECT 1mg tablet,715735,rasagiline 1 MG Oral Tablet [Azilect]
"Janumet 50 mg-1,000 mg Tab",40164892,Metformin hydrochloride 1000 MG / sitagliptin 50 MG Oral Tablet [Janumet]
Miglitol 25 mg Tab,19029029,miglitol 25 MG Oral Tablet
Nexium 40mg,19005696,Esomeprazole 40 MG [Nexium]
Concerta  18mg,40236428,Methylphenidate Hydrochloride 18 MG [Concerta]
"Os-Cal 500 + D 500 mg (1,250 mg)-600 unit Chewable Tab",42708126,Calcium Carbonate 1250 MG / Cholecalciferol 400 UNT Chewable Tablet [Os-Cal 500 with D]
Aerobid 250 mcg/Actuation Aerosol Inhaler,42902499,flunisolide 0.25 MG/ACTUAT Metered Dose Inhaler [AeroBid]
Bacitracin & Polymyxin B Ophth 1,40013984,Bacitracin / Polymyxin B Ophthalmic Ointment
Lutein 6mg,1310355,Lutein 6 MG
Digitek 0.125mg tab,19067600,Digoxin 0.125 MG Oral Tablet [Digitek]
Flonase 110mcg,36250166,fluticasone Metered Dose Nasal Spray [Flonase]
Actonel 35 mg Tab,40174495,risedronate sodium 35 MG Oral Tablet [Actonel]
budesonide 3mg,939393,Budesonide 3 MG
Chantix 1mg tab,19124311,varenicline 1 MG Oral Tablet [Chantix]
Melatonin 3 mg Tab,19083332,Melatonin 3 MG
Iquix 1.5%,19114670,Levofloxacin 15 MG/ML [Iquix]
Acidophilus 1GM PKT,987154,Lactobacillus acidophilus 1 MG
Potassium Phosphate 3mmol/ml-15ml,19049024,Potassium
Ethanol (Ethyl Alcohol) 50%,955372,Ethanol
Enablex 7.5mg,19114113,darifenacin 7.5 MG [Enablex]
maalox aluminum hydrox/mag hydrox/simethicone,40007806,Aluminum Hydroxide / Magnesium Hydroxide Oral Suspension [Maalox]
Mirapex ER(pramipexole) 1.5,40165183,Pramipexole dihydrochloride 1.5 MG [Mirapex]
Zebeta 5mg TAB,40162879,Bisoprolol Fumarate 5 MG Oral Tablet [Zebeta]
Entecavir 0.5mg Tablet,1711248,entecavir 0.5 MG Oral Tablet
vancoMYCIN for inhalation 200 mg / 2 mL,1707687,Vancomycin
Folic Acid 5mg/ml-10ml,19111620,Folic Acid
ACETAMINOPHEN (LIQUID) ,1125315,Acetaminophen
Uloric 80 mg Tab,19017748,febuxostat 80 MG Oral Tablet [Uloric]
Sunitinib 50 mg Cap,1336627,sunitinib 50 MG Oral Capsule
Pulmicort inhaler,40142922,Budesonide Inhalant Solution [Pulmicort LS]
Baclofen 4000 mcg/ml,715233,Baclofen
HALOPERIDOL ,766529,Haloperidol
Methylprednisolone Na Succ. 1 SYRINGE,1506270,Methylprednisolone
Avodart  0.5MG 0.5 MG,19031909,Dutasteride 0.5 MG [Avodart]
Aralast 800mg vials,46276120,alpha 1-Antitrypsin Injection [Aralast]
"nepafenac 0.1 % Eye Drops, Susp",19121303,nepafenac 1 MG/ML Ophthalmic Suspension
Symbicort 160-4.5 160-4.5,42706348,Budesonide 0.16 MG/ACTUAT / formoterol fumarate 0.0045 MG/ACTUAT [Symbicort]
Verelan PM 100 mg Cap,40171845,Verapamil hydrochloride 100 MG [Verelan]
Corzide 40/5,19059690,Bendroflumethiazide 5 MG / Nadolol 40 MG [Corzide]
Lidocaine Jelly 2% (Urojet) ,989878,Lidocaine
Valproate Sodium 500MG/5ML VL,745466,Valproate
Foltx 1 tab,40141793,Folic Acid / Vitamin B 12 / Vitamin B6 Oral Tablet [Foltx]
Carbachol 3 % Eye Drops,940198,Carbachol 30 MG/ML
Nasacort 1,36250148,Triamcinolone Metered Dose Nasal Spray [Nasacort]
Thalidomide 200mg,19099817,Thalidomide 200 MG
Metoprolol Tartrate ,1307046,Metoprolol
Unifiber ea,40244168,Cellulose Oral Powder [Unifiber]
Papain 2.5 % Solution 60ml Bottle,19114661,Papain 26.5 MG/ML
Efudex 5%,19087593,Fluorouracil 50 MG/ML [Efudex]
Nature-Throid 32.5 mg Tab,19033726,thyroid (USP) 32.5 MG [Nature-Throid]
Temodar 20 mg Cap,1341151,temozolomide 20 MG Oral Capsule [Temodar]
Tobramycin Fortified Ophth. Soln. 15mg/ml,902722,Tobramycin
bimatoprost 0.03 % Eye Drops,904528,bimatoprost 0.3 MG/ML
Insulin Detemir 100 unit/mL Sub-Q,19112694,insulin detemir 100 UNT/ML
Alavert 10,19031696,Loratadine 10 MG [Alavert]
ofloxacin 0.3%,923081,Ofloxacin
Tavist 10 mg,19047676,Loratadine 10 MG [Tavist Non-Sedating]
exenatide 20 mcg,1583722,exenatide
Heparin ,1367571,heparin
POTASSIUM CHLORIDE ,19049105,Potassium Chloride
Symbicort 160 mcg-4.5 mcg/Actuation HFA Aerosol Inhaler,42902433,Budesonide 0.16 MG/ACTUAT / formoterol fumarate 0.0045 MG/ACTUAT Metered Dose Inhaler [Symbicort]
Alphagan P 0.15 % Eye Drops,40164135,Brimonidine tartrate 1.5 MG/ML Ophthalmic Solution [Alphagan]
coenzyme Q10 200mg,1351161,coenzyme Q10 200 MG
insulin detemir 100 unit/mL Sub-Q Pen,19112694,insulin detemir 100 UNT/ML
Fentanyl Citrate ,1154029,Fentanyl
Cyanocobalamin 100mcg tab,19135931,Cyanocobalamin Co57
Coenzyme Q10 30,19087670,coenzyme Q10 30 MG
Ketorolac Tromethamine 0.4%,40164854,Ketorolac Tromethamine 4 MG/ML
Clobetasol Propionate 0.05%,40164500,Clobetasol Propionate 0.0005 MG/MG
Symbicort 160-4.5mcg 160-4.5mcg,42706348,Budesonide 0.16 MG/ACTUAT / formoterol fumarate 0.0045 MG/ACTUAT [Symbicort]
Bosentan (Tracleer) 125 mg tablet,19124851,bosentan 125 MG Oral Tablet [Tracleer]
Fentanyl Citrate 800-1600 mcg,1154029,Fentanyl
Tyzeka (Telbivudine) 600 mg,19004157,telbivudine 600 MG [Tyzeka]
Interferon Alfa 2A 3 mu,1379969,Interferon Alfa-2a
"Lidocaine 1%/Epi 1::100,000 ",989878,Lidocaine
bimatoprost (Lumigan) 0.03% ,19120813,bimatoprost 0.3 MG/ML [Lumigan]
Zantac 75 75 mg Tab,19023020,Ranitidine 75 MG [Zantac]
Coenzyme Q10 400 mg,19125733,coenzyme Q10 400 MG
Lepirudin 50MG/ML VIAL,19092161,lepirudin 50 MG/ML
PROPOFOL (*GENERIC*) ,753626,Propofol
Acetic Acid Glacial 0.04% Vaginal Douche ,40004910,Acetic Acid Vaginal Gel
moxifloxacin  400 mg,19085094,moxifloxacin 400 MG
Mirapex ER 1.5mg,40165183,Pramipexole dihydrochloride 1.5 MG [Mirapex]
octreotide LAR 10mg depot 10mg/syringe,42902847,Octreotide 0.1 MG/ML Prefilled Syringe
Betaxolol HCl 10 mg,42800544,Betaxolol Hydrochloride 10 MG
Halcion 0.25mg,19088619,Triazolam 0.25 MG [Halcion]
Tylenol Arthritis Pain Tablet,40005791,Acetaminophen Oral Tablet [Tylenol]
Zaditor 0.025 %,19100323,Ketotifen 0.25 MG/ML [Zaditor]
Budesonide (Nasal) 2.5MG,40020313,Budesonide Nasal Spray
Advair Diskus 100/50 mcg,40171027,Fluticasone propionate 0.1 MG/ACTUAT / salmeterol 0.05 MG/ACTUAT [Advair]
SODIUM BICARBONATE ,939506,Sodium Bicarbonate
NAFCILLIN 2GM,1713930,Nafcillin
Darbepoetin alpha (Aranesp) 200mcg/0.4ml syrimge,1304643,darbepoetin alfa
"Muco-Fen DM 60 mg-1,000 mg Oral Tb12",1165154,Guaifenesin 1000 MG Extended Release Oral Tablet [Muco-Fen]
chlorzoxazone 500 mg,795153,Chlorzoxazone 500 MG
Milk Thistle Extract 250 mg caps,1304309,Milk thistle extract 250 MG Oral Capsule
Cortef 5mg,19043315,Hydrocortisone 5 MG [Cortef]
Januvia 50mg tab,19125051,sitagliptin 50 MG Oral Tablet [Januvia]
"Ethezyme 1,100,000-100",40070195,Papain / Urea Topical Ointment [Ethezyme]
JANUVIA 25mg,19125046,sitagliptin 25 MG [Januvia]
Humibid L.A. 600,19068565,Guaifenesin 600 MG [Humibid L.A.]
lysine 500mg tablets 500 mg Tab,19092378,Lysine 500 MG Oral Tablet
Simvastatin 20 mg,1539465,Simvastatin 20 MG
SIMETHICONE SIMETHICONE,966991,Simethicone
Estazolam 1mg,748035,Estazolam 1 MG
domperidone  Powder,19037833,Domperidone
Synarel nasal spray 1,36250112,Nafarelin 0.2 MG/ACTUAT Metered Dose Nasal Spray [Synarel]
Prilosec 20mg,19045787,Omeprazole 20 MG [Prilosec]
Ethacrynate Sodium tablet,40131003,Ethacrynate Oral Tablet
CALCIUM GLUCONATE ,19037038,Calcium Gluconate
pyridostigmine 60mg/tablet,40075183,Pyridostigmine Oral Tablet
Vigamox 0.5% 0.5%,19047817,moxifloxacin 5 MG/ML [Vigamox]
DopAmine 400MG PREMIX,1337860,Dopamine
Dutasteride 0.5 mg Cap,989485,Dutasteride 0.5 MG Oral Capsule
Tenofovir Disoproxil Fum. 300mg Tab,1710312,Tenofovir disoproxil fumarate 300 MG Oral Tablet
Xopenex 1.25mg/3mL,19100309,Levalbuterol 0.417 MG/ML [Xopenex]
Clonidine TTS 1 Patch ,1398937,Clonidine
Alphagan P 0.1%,40164132,Brimonidine tartrate 1 MG/ML [Alphagan]
Seasonale 1 tab,19128260,{84 (Ethinyl Estradiol 0.03 MG / Levonorgestrel 0.15 MG Oral Tablet) / 7 (Inert Ingredients 1 MG Oral Tablet) } Pack [Seasonale 91 Day]
HYDROMORPHONE ,1126658,Hydromorphone
COLESEVELAM 625,40167019,Colesevelam hydrochloride 625 MG
Levalbuterol (Xopenex) 1.25mg/3ml soln,19100309,Levalbuterol 0.417 MG/ML [Xopenex]
Aciphex 20mg TAB,40163287,Rabeprazole sodium 20 MG [Aciphex]
Phenytoin Sodium 250mg/5mL Vial,40163243,Phenytoin sodium 50 MG/ML
Propofol ,753626,Propofol
Metformin ER 500 mg 24 hr Tab,1503328,Metformin 500 MG
Zytiga 250 mg tablet,40239061,abiraterone acetate 250 MG Oral Tablet [Zytiga]
SUTENT 12.5,19086381,sunitinib 12.5 MG [Sutent]
Clarinex 5mg,19120966,desloratadine 5 MG [Clarinex]
Lodosyn 50mg tablet,40021550,Carbidopa Oral Tablet [Lodosyn]
Pentobarbital Sodium 1000mg/20mL Vial,730729,Pentobarbital
Lovastatin 10 mg Tab,19019115,Lovastatin 10 MG Oral Tablet
rabeprazole 20 mg,40163284,Rabeprazole sodium 20 MG
Nitroglycerin 100MG/250 PM,1361711,Nitroglycerin
Methylprednisolone Na Succ. 500MG VIAL,35606537,Methylprednisolone 500 MG
Oxybutynin Chloride ER Oxybutynin Chloride ER,918906,oxybutynin
Erythromycin Ethylsuccinate 200 mg/5 mL Oral Susp,19125424,Erythromycin Ethylsuccinate 40 MG/ML Oral Suspension
Lunesta 2 mg,19113341,Eszopiclone 2 MG [Lunesta]
Glucosamine 1000 mg,1360381,Glucosamine 1000 MG
Zocor 40 mg Tab,19116988,Simvastatin 40 MG [Zocor]
Epzicom 600 mg-300 mg Tab,19122308,abacavir 600 MG / Lamivudine 300 MG Oral Tablet [Epzicom]
Travatan 0.004 % Eye Drops,19071741,travoprost 0.04 MG/ML Ophthalmic Solution [Travatan]
Cinryze (C1 estrase inhibitor) 500 units,35605161,C1 esterase inhibitor (human) 500 UNT [Cinryze]
erlotinib 150 mg Tab,19122519,erlotinib 150 MG Oral Tablet
Phenytoin Sodium 100mg/2mL Vial,40163243,Phenytoin sodium 50 MG/ML
brimonidine 0.1,915542,brimonidine
Levoxyl 50 mcg,40140046,levothyroxine Oral Tablet [Levoxyl]
nexium 40 mg,19005696,Esomeprazole 40 MG [Nexium]
Bystolic 10 mg Tab,1314612,nebivolol 10 MG Oral Tablet [Bystolic]
"DYGASE 30,000-2,400-30,000",19114938,Amylases 30000 UNT / Endopeptidases 30000 UNT / Lipase 2400 UNT [Dygase]
Clarinex 5mg tablet,19098377,desloratadine 5 MG Oral Tablet [Clarinex]
Darbepoetin Alfa In Polysorbate 40mcg/0.4mL,19097935,darbepoetin alfa 0.1 MG/ML
MORPHINE SULFATE ,1110410,Morphine
Betimol 0.5%,19056458,Timolol 5 MG/ML [Betimol]
Amnesteem 40 mg Capsule,19102591,Isotretinoin 40 MG Oral Capsule [Amnesteem]
Labetalol ,1386957,Labetalol
Sodium Chloride 3% (Hypertonic) ,40221362,Sodium Chloride Injection
Carafate 100 mg/mL Oral Susp,19037481,Sucralfate 100 MG/ML Oral Suspension [Carafate]
"Cipro HC OTIC Suspension 2mg ciprofloxacin, 10mg HC/ml",19050375,ciprofibrate
Mesalamine Desensitization 10 mg /10 mL,968426,mesalamine
Nevanac 0.1%,19122721,nepafenac 1 MG/ML [Nevanac]
Aspirin EC 81 mg,1113309,Aspirin 81 MG
Varenicline Chantix 0.5 mg Tablets,780447,varenicline 0.5 MG Oral Tablet [Chantix]
ATRIPLA Tablet,40134708,efavirenz / emtricitabine / tenofovir disoproxil Oral Tablet [Atripla]
REVLIMID 5 mg Cap,19025427,lenalidomide 5 MG [Revlimid]
Lidocaine 1% P.F. ,989878,Lidocaine
Enablex 15 mg tab,19114109,darifenacin 15 MG [Enablex]
Meropenem 500MG VIAL,35605999,meropenem 500 MG
Clobazam 10 mg,19050837,clobazam 10 MG
Iloprost 2.5 mcg,1344992,Iloprost
Necon 1/35 (28) Necon 1/35 (28),19128246,{21 (Ethinyl Estradiol 0.035 MG / Norethindrone 1 MG Oral Tablet) / 7 (Inert Ingredients 1 MG Oral Tablet) } Pack [Necon 1/35 28 Day]
Bumetanide 2.5MG/10ML VIAL,932778,Bumetanide 0.25 MG/ML
Levothyroxine 88 mcg,40174904,Levothyroxine Sodium 0.088 MG
Symbicort 160-45mcg,42706348,Budesonide 0.16 MG/ACTUAT / formoterol fumarate 0.0045 MG/ACTUAT [Symbicort]
Potassium Chloride 10mEq/100ml Premix,19118760,Potassium Chloride 10 MEQ [K-10]
Oxacillin 1g Froz. Bag,35606369,Oxacillin 1000 MG
Norepinephrine ,1321341,Norepinephrine
Fentanyl Citrate 250mcg/5mL Amp,1154029,Fentanyl
Junel 1.5/30 (21) 1.5 mg-30 mcg tablet,42902218,{21 (Ethinyl Estradiol 0.03 MG / norethindrone acetate 1.5 MG Oral Tablet) } Pack [Junel 1.5/30 21 Day]
Dopamine HCl 200MG/5ML;VIAL,1337860,Dopamine
Zenpep CAP,40241649,Amylases / Endopeptidases / Lipase Delayed Release Oral Capsule [Zenpep]
Zetia 10 mg,19120997,ezetimibe 10 MG [Zetia]
Symbicort 160 mcg-4.5 mcg/actuation HFA Aerosol Inhaler,42706348,Budesonide 0.16 MG/ACTUAT / formoterol fumarate 0.0045 MG/ACTUAT [Symbicort]
Prilosec 20 mg Cap,19045787,Omeprazole 20 MG [Prilosec]
Metamucil 0.52 g Oral Cap,40242607,Psyllium 525 MG Oral Capsule [Metamucil]
difluprednate 0.05 % Eye Drops,19131676,difluprednate 0.5 MG/ML Ophthalmic Suspension
Zolmitriptan 5 mg Tab,19082572,zolmitriptan 5 MG
Prilosec OTC 20 mg,19045787,Omeprazole 20 MG [Prilosec]
Sucralfate 1000 mg,19082547,Sucralfate 1000 MG
Trisodium Citrate 0.4% Replacement Soln 4000 mL Bag,19065826,trisodium citrate
Bupivacaine 0.05% 250 mL CADD Med Cassette,732893,Bupivacaine
Kayexalate 15 gm/ 4 teasp,40121218,Sodium polystyrene sulfonate Oral Suspension [Kayexalate]
Helidac 1 tab,19129194,{112 (bismuth subsalicylate 262 MG Chewable Tablet) / 56 (Metronidazole 250 MG Oral Tablet) / 56 (Tetracycline 500 MG Oral Capsule) } Pack [Helidac Therapy]
Nevanac 0.1 % Eye Drops,19122722,nepafenac 1 MG/ML Ophthalmic Suspension [Nevanac]
Excedrin Aspirin Free 1 tablet,40003496,Acetaminophen / Aspirin / Caffeine Oral Tablet [Excedrin]
Aromasin (exemestane) 25 mg tablet,1398400,exemestane 25 MG Oral Tablet [Aromasin]
Sodium CITRATE 4% 500 mL Bag,19136048,Sodium
Betaseron 0.3 mg Sub-Q Kit,35605315,interferon beta-1b 0.3 MG [Betaseron]
Oxymorphone 60mg,1125765,Oxymorphone
Melatonin 1mg,1301233,Melatonin 1 MG
Econopred Plus 1% opth soln,40073450,prednisolone Ophthalmic Suspension [Econopred Plus]
Intralipid 20% ,36249325,Soybean Oil 200 MG/ML [Intralipid]
Enablex 15 mg Tablet,19114109,darifenacin 15 MG [Enablex]
Detrol LA 4 mg,40163795,tolterodine tartrate 4 MG [Detrol]
Betimol ( Timolol ) 0.25%,19056457,Timolol 2.5 MG/ML [Betimol]
"Epoetin Alfa 40,000 UNIT VIAL",1301179,Epoetin Alfa 40000 UNT/ML
ESCITALOPRAM 10MG,19098080,Escitalopram 10 MG
Basiliximab 2mg,19038440,basiliximab
menthol (Icy Hot Patch) 5%,901656,Menthol
Lorazepam 0.5mg Tablet,19019112,Lorazepam 0.5 MG Oral Tablet
Acetaminophen ,1125315,Acetaminophen
Bimatoprost (lumigan) 0.03%,19120813,bimatoprost 0.3 MG/ML [Lumigan]
ACETAMINOPHEN (RECTAL) ,1125315,Acetaminophen
rasagiline 0.5 mg Tab,715734,rasagiline 0.5 MG Oral Tablet
"PreserVision AREDS 14,320 unit-226 mg-200 unit Cap",40169433,Ascorbic Acid / Beta Carotene / cuprous oxide / Vitamin E / Zinc Oxide Oral Tablet [PreserVision]
axitinib 5 mg tablet,42708084,axitinib 5 MG Oral Tablet
Normocarb 240 mL Vial,40161286,Magnesium Chloride / Sodium Bicarbonate / Sodium Chloride Injectable Solution [Normocarb HF 25]
Lidocaine 1% 1%,989878,Lidocaine
Corn Starch (Bulk) 55g,40230159,cornstarch
Ritonavir 100mg capsule 100mg Capsule,19082373,Ritonavir 100 MG Oral Capsule
Posaconazole 40 mg / mL - 100 mL Bottle,19125035,posaconazole 40 MG/ML
Avodart 0.5mg ,19031909,Dutasteride 0.5 MG [Avodart]
Levofloxacin 1.5 % Eye Drops,1742333,Levofloxacin 15 MG/ML
Tarceva 150 mg Oral Tab,40236071,erlotinib 150 MG Oral Tablet [Tarceva]
Mometasone 0.1%,19110911,Mometasone 0.001 MG/MG
Omnaris (ciclesonide) nasal spray,36250074,ciclesonide Metered Dose Nasal Spray [Omnaris]
Detrol LA 4mg ,40163795,tolterodine tartrate 4 MG [Detrol]
Lorazepam 20MG/10ML VIAL,42706456,Lorazepam 0.2 MG/ML
Budesonide  2.5MG,939259,Budesonide
Dasatinib 50 mg Tab,19124392,dasatinib 50 MG Oral Tablet
Potassium Acetate 2MEQ/ML-20ML,19076420,Potassium Acetate 2 MEQ/ML
Pentobarbital Sodium 2500mg/50ml Vial,36250008,Pentobarbital Sodium 50 MG/ML
Glycopyrrolate ,963353,Glycopyrrolate
Ketotifen Fumarate (Bulk) 1 mg,986117,Ketotifen
Acetic Acid Glacial 0.04% Vaginal Douche,929549,Acetic Acid
Levofloxacin 250MG PM BAG,1742253,Levofloxacin
Thiamine HCl 100mg/ml,19082006,Thiamine 100 MG/ML
Sildenafil 20 mg Tab,19121182,sildenafil 20 MG Oral Tablet
Hepatitis B Immune Globulin (Nabi-HB) NABI-HB,501343,hepatitis B immune globulin
UroxaTRAL 10mg,40164026,Alfuzosin hydrochloride 10 MG [UroXatral]
Phenylephrine ,1135766,Phenylephrine
Cortef 20 mg Tab,19039743,Hydrocortisone 20 MG Oral Tablet [Cortef]
NORepinephrine ,1321341,Norepinephrine
Thiamine HCl 100mg/ml-2ml,19082006,Thiamine 100 MG/ML
Prilosec 20MG,19045787,Omeprazole 20 MG [Prilosec]
Claritin-D 12 Hour  5-120 1 tablet,42705763,Loratadine 5 MG / Pseudoephedrine sulfate 120 MG [Claritin-D]
Meloxicam 15mg,1150373,meloxicam 15 MG
Ocuvite Lutein tab,40169442,Ascorbic Acid / cuprous oxide / Lutein / Vitamin E / Zinc Oxide Oral Capsule [Ocuvite Lutein]
HYDROmorphone PCA (Dilaudid) ,1126658,Hydromorphone
Meperidine HCl 100MG/2ML AMP,43653663,Meperidine 50 MG/ML [Dolantin]
Lotrel 5-20,40171561,Amlodipine 5 MG / Benazepril hydrochloride 20 MG [Lotrel]
Lotrel 10 mg-40 mg Cap,40171551,Amlodipine 10 MG / Benazepril hydrochloride 40 MG Oral Capsule [Lotrel]
Vigamox 1 gtt,40057468,moxifloxacin Ophthalmic Solution [Vigamox]
Calcium Chloride ,19036781,Calcium Chloride
fluticasone 110 mcg/ puff,1149380,fluticasone
Methylprednisolone Na Succ. 1000mg Vial,35606541,Methylprednisolone 1000 MG
Foradil Aerolizer foradil aerolizer,40133628,formoterol Inhalant Powder [Foradil]
Interferon Beta-1b 0.3,35605313,interferon beta-1b 0.3 MG
formoterol fumarate 20 mcg/2 mL Neb Solution,42708518,formoterol fumarate 0.01 MG/ML Inhalant Solution
Cinryze (C1 estrase inhibitor) 1000 UNITS,35605162,C1 esterase inhibitor Injection [Cinryze]
Zirgan 0.15 % Eye Gel,40166672,Ganciclovir 0.0015 MG/MG Ophthalmic Gel [Zirgan]
esomeprazole 40mg,904454,Esomeprazole 40 MG
Levobunolol 0.25 % Eye Drops,40242770,Levobunolol Hydrochloride 2.5 MG/ML
METFORMIN XR TABLET,1503297,Metformin
"Esomeprazole Magnesium 40 mg Cap, Delayed Release",19123106,Esomeprazole 40 MG Delayed Release Oral Capsule [Nexium]
Morphine Sulfate 20mg/ml,40169958,Morphine Sulfate 20 MG/ML
Ceftriaxone 1GM FROZ BAG,46287327,Ceftriaxone 1000 MG
Somatropin 5mg/ml,1584986,Somatropin 5 MG/ML
lamotrigine 25 mg Tab,19069199,lamotrigine 25 MG Oral Tablet
Unifiber 75 % Oral Powder,40244168,Cellulose Oral Powder [Unifiber]
Istalol 0.5%,19114014,Timolol 5 MG/ML [Istalol]
Gentamicin 80mg Premix,45892419,Gentamicin
Levemir 100U/ml,19044971,insulin detemir 100 UNT/ML [Levemir]
Humalog Mix 75-25 KwikPen 100 unit/mL (75-25) Sub-Q Pen,46233972,Insulin Lispro 100 UNT/ML Pen Injector [Humalog]
FENTANYL ,1154029,Fentanyl
Oxymorphone 60 mg,1125765,Oxymorphone
Imatinib 200 mg/10 ml,1304107,imatinib
Furosemide 100mg/10mL Vial,957140,Furosemide 10 MG/ML
Potassium Chloride 2mEq/ml-20ml,19049574,Potassium Chloride 0.2 MEQ/ML
Fentanyl Citrate 2500mcg/50mL Vial,1154029,Fentanyl
Restasis 0.05%,19121060,Cyclosporine 0.5 MG/ML [Restasis]
Bumetanide 1 mg,19080991,Bumetanide 1 MG
Pilocarpine 1% 15mL;Ophthalmic Solution,40076463,Pilocarpine Ophthalmic Solution
Lumigan *NF* Opth Soln,40097271,bimatoprost Ophthalmic Solution [Lumigan]
Loteprednol Etabonate 0.5%,40238167,loteprednol etabonate 0.005 MG/MG
Isotretinoin Isotretinoin,984232,Isotretinoin
Folic Acid 1MG/0.2ML SYR,19111620,Folic Acid
Zetia 10MG,19120997,ezetimibe 10 MG [Zetia]
Foradil Aerolizer 1,40133628,formoterol Inhalant Powder [Foradil]
Celexa 10mg/5ml,19058161,Citalopram 2 MG/ML [Celexa]
Furosemide ,956874,Furosemide
VITAMIN K*NEO ,19010128,Vitamin K
METOPROLOL ,1307046,Metoprolol
Betaseron 0.3 mg (9.6 million IU),35605315,interferon beta-1b 0.3 MG [Betaseron]
Etidronate Disodium 200mg,40174658,Etidronate Disodium 200 MG
Betaseron 0.3,35605315,interferon beta-1b 0.3 MG [Betaseron]
LABETALOL ,1386957,Labetalol
Vancomycin Enema 200mg/100ml ns,1707687,Vancomycin
Amiodarone HCl 150mg/3mL Vial,1309994,Amiodarone hydrochloride 50 MG/ML
sutent (sunitinib) 12.5mg,19086381,sunitinib 12.5 MG [Sutent]
Xopenex HFA 45 mcg/actuation,19124105,Levalbuterol 0.045 MG/ACTUAT [Xopenex]
Levemir Flexpen 100 unit/mL Sub-Q Insulin Pen,19044971,insulin detemir 100 UNT/ML [Levemir]
mometasone 50 mcg/Actuation Nasal Spray,19112696,Mometasone 0.5 MG/ML Nasal Spray
ACETAMINOPHEN ,1125315,Acetaminophen
Galantamine 16 mg ,757627,Galantamine
Apidra Insulin glulisine 100U/mL,19131581,"Insulin, Glulisine, Human 100 UNT/ML [Apidra]"
Sodium Chloride (Hypertonic) 5%,40221362,Sodium Chloride Injection
Amoxapine 50,19109510,Amoxapine 50 MG/ML
Potassium Chloride Replacement (Oncology) 20mEq tablet,19049106,Potassium Chloride 20 MEQ Extended Release Oral Tablet
Dexamethasone ,1518254,Dexamethasone
Baclofen 10mg tablet,715235,Baclofen 10 MG Oral Tablet
Rasagiline 1 mg Tab,19123237,rasagiline 1 MG Oral Tablet
Erythromycin 333 mg,1747210,Erythromycin 333 MG
Promit 150mg/ml,19118750,Dextran 150 MG/ML [Promit]
Coenzyme Q10 tablet,40059434,coenzyme Q10 Oral Tablet
imatinib 100 mg Tab,19102501,imatinib 100 MG Oral Tablet
Elmiron 100mg,19024159,Pentosan Polysulfate 100 MG [Elmiron]
Erythromycin Topical Solution 2%,19082703,Erythromycin 20 MG/ML Topical Solution
Azelastine HCl 137 mcg/ spray,40164091,Azelastine hydrochloride 0.137 MG/ACTUAT
Brimonidine 0.2 % Eye Drops,40164137,Brimonidine tartrate 2 MG/ML
URECHOLINE URECHOLINE,40019459,Bethanechol Oral Tablet [Urecholine]
Cefazolin 10g Bulk vial,1771162,Cefazolin
Revatio 20 mg Tab,1316304,sildenafil 20 MG Oral Tablet [Revatio]
Lanolin (Hydrous) ointment,40129954,Lanolin Topical Ointment
Zantac Maximum Strength 150 mg,19023072,Ranitidine 150 MG [Zantac]
Astelin 137mcg,40164093,Azelastine hydrochloride 0.137 MG/ACTUAT [Astelin]
estradiol 0.05 mg/24 hr Weekly Transderm Patch,42902825,Estradiol 0.00208 MG/HR Transdermal System
Peppermint Oil 1,19086712,Peppermint oil
GLIMEPIRIDE (AMARYL) 1MG TAB,19117198,glimepiride 1 MG [Amaryl]
Sarafem 20mg,19090639,Fluoxetine 20 MG [Sarafem]
"esomeprazole magnesium 40 mg Cap, Delayed Release",19123106,Esomeprazole 40 MG Delayed Release Oral Capsule [Nexium]
arginine (L-arginine) 1000mg TAB,19006474,Arginine 1000 MG Oral Tablet
Viibryd 20mg,40234844,vilazodone hydrochloride 20 MG [Viibryd]
Felodipine TAB,1353776,Felodipine
Nizatidine 150mg,950734,Nizatidine 150 MG
thyroid extract SR 8mg,1501576,thyroid (USP) 8 MG
Nimodipine 1 Syringe,1319133,Nimodipine
hydromorphone 20 mg/mL Oral Liquid,40051245,Hydromorphone Oral Capsule
DIAZOXIDE  30 ML ,1523280,Diazoxide
Avandamet 4/500,40164921,Metformin hydrochloride 500 MG / rosiglitazone 4 MG [Avandamet]
Cyclobenzaprine 10 mg,778764,Cyclobenzaprine hydrochloride 10 MG
Lactobacillus Acidophilus-Pectin OTC,987153,Lactobacillus acidophilus
Combigan 0.2 %-0.5 % Eye Drops,40164139,Brimonidine tartrate 2 MG/ML / Timolol 5 MG/ML Ophthalmic Solution [Combigan]
Polyethylene Glycol 400 (Bulk) 0.25%,948490,Polyethylene Glycol 400
Neurontin 300 mg,19038876,gabapentin 300 MG [Neurontin]
Beclomethasone Dipropionate 80 mcg/Actuation Aerosol Inhaler,40173735,Beclomethasone Dipropionate 0.08 MG/ACTUAT
Morphine Sulfate ,1110410,Morphine
Aripiprazole 5mg Tablet,19102213,aripiprazole 5 MG Oral Tablet
MAGNESIUM SULFATE ,19093848,Magnesium Sulfate
theophylline ER 300 mg 24 hr Cap,1237217,Theophylline 300 MG
Prednisolone 10 mg,19112502,prednisolone 10 MG
Omeprazole CAP,923645,Omeprazole
Erythromycin opthalmic 0.5%,40041241,Erythromycin Ophthalmic Solution
Vytorin 10-40 10-40,42706208,ezetimibe 10 MG / Simvastatin 40 MG [Vytorin]
baclofen 3000mcg/ml,715233,Baclofen
dexamethasone 0.1%,1518254,Dexamethasone
Aripiprazole 5 mg,19102252,aripiprazole 5 MG
gentian violet 1%,43532354,Gentian Violet 0.01 MG/ML
Avodart *NF* (Dutasteride) 0.5mg,19031909,Dutasteride 0.5 MG [Avodart]
ATRIPLA 600 mg-200 mg-300 mg Tab,19124374,efavirenz 600 MG / emtricitabine 200 MG / Tenofovir disoproxil fumarate 300 MG Oral Tablet [Atripla]
Nitroglycerin ,1361711,Nitroglycerin
Baclofen 4000 mcg/mL Intrathecal,715233,Baclofen
Hyaluronidase 150 UNITS,19073699,Hyaluronidase
fidaxomicin 200mg TAB 200 mg Tab,40239987,fidaxomicin 200 MG Oral Tablet
Folbic tablet,40134816,Folic Acid / Vitamin B 12 / Vitamin B6 Oral Tablet [Folbic]
Mannitol 20% 500ML PREMIX,994123,Mannitol 200 MG/ML
NITROGLYCERIN ,1361711,Nitroglycerin
Lactaid 3000 units,19027640,Lactase 3000 UNT [Lactaid]
Yasmin 28 1,19127905,{21 (drospirenone 3 MG / Ethinyl Estradiol 0.03 MG Oral Tablet) / 7 (Inert Ingredients 1 MG Oral Tablet) } Pack [Yasmin 28 Day]
Revlimid 10mg,19025426,lenalidomide 10 MG [Revlimid]
Bupivacaine 0.2% 250 mL CADD Med Cassette,732893,Bupivacaine
Nexium 40 mg,19005696,Esomeprazole 40 MG [Nexium]
FEMHRT  1MG/5MCG,42707003,Ethinyl Estradiol 0.005 MG / norethindrone acetate 1 MG [Femhrt]
Pristiq 50mg tablet,19129682,Desvenlafaxine 50 MG [Pristiq]
"Lidocaine 1%/Epi  1::100,000 ",989878,Lidocaine
mupirocin 2 % Ointment,951537,Mupirocin 0.02 MG/MG Nasal Ointment
Ipratropium Bromide HFA ,1112921,Ipratropium
Albuterol Inhalation Soln 0.5% ,40006970,Albuterol Inhalant Solution
Budesonide (Pulmicort) 0.5mg respules,939259,Budesonide
Nasonex 50mcg,36250100,Mometasone Metered Dose Nasal Spray [Nasonex]
Gatifloxacin 400MG,19085003,gatifloxacin 400 MG
Ondansetron HCl 8 mg Tab,19079171,Ondansetron 8 MG Oral Tablet
flutamide 250 mg,19088607,Flutamide 250 MG
Tenecteplase 1 Dose,19098548,Tenecteplase
Sutent 50 mg,19086383,sunitinib 50 MG [Sutent]
Cortef 20mg,19043317,Hydrocortisone 20 MG [Cortef]
Vagifem 25 mcg Vaginal Tab,1548508,Estradiol 0.025 MG Vaginal Tablet [Vagifem]
Januvia 100 mg Tab,19125043,sitagliptin 100 MG Oral Tablet [Januvia]
Dulera (mometasone-formoterol) 200 mcg/ 5mcg,42706351,formoterol fumarate 0.005 MG/ACTUAT / mometasone furoate 0.2 MG/ACTUAT [Dulera]
Cardizem CD 180 mg,19133571,Diltiazem Hydrochloride 180 MG [Cardizem]
Cortef 10 mg Tab,19039383,Hydrocortisone 10 MG Oral Tablet [Cortef]
"Streptokinase 250,000 IU",19136187,Streptokinase
Acular 0.5%,40164865,Ketorolac Tromethamine 5 MG/ML [Acular]
Ketorolac TroMETHamine 0.4%,40164854,Ketorolac Tromethamine 4 MG/ML
DEXTROSE 50% ,43012282,polydextrose
FiberCon FiberCon,40127482,calcium polycarbophil Oral Tablet [FiberCon]
Atropine Sulfate ,914335,Atropine
PROPOFOL ,753626,Propofol
Dextrose 5% 150ml Bag,43012282,polydextrose
Ayr Saline Gel Nasal Spray,40080091,Sodium Chloride Nasal Spray [Ayr Saline Nasal]
Metoprolol Tartrate 100 mg,40167199,Metoprolol Tartrate 100 MG
Papain 60ml Bottle,926770,Papain
Lodosyn 50 mg,40021550,Carbidopa Oral Tablet [Lodosyn]
Betaseron 0.3mg,35605315,interferon beta-1b 0.3 MG [Betaseron]
Magnesium Sulfate ,19093848,Magnesium Sulfate
Lotronex 1 mg Tab,948557,alosetron 1 MG Oral Tablet [Lotronex]
Januvia 50 mg,19125050,sitagliptin 50 MG [Januvia]
Potassium Chloride (Powder) ,40076078,Potassium Chloride Oral Powder
Uroxatral 10mg,40164026,Alfuzosin hydrochloride 10 MG [UroXatral]
Avodart 0.5mg capsule,989486,Dutasteride 0.5 MG Oral Capsule [Avodart]
Linezolid 600MG PM BAG,19087402,linezolid 600 MG
bicalutamide 50 mg Tab,1344403,bicalutamide 50 MG Oral Tablet
Lialda 1.2gm,19005335,mesalamine 1200 MG [Lialda]
Keppra 750,19099450,Levetiracetam 750 MG [Keppra]
Lidocaine 2% ,989878,Lidocaine
Bacitracin Ointment 15g Tube,40014637,Bacitracin Topical Ointment
Levbid 0.375 mg Oral Tb12,40231154,Hyoscyamine Sulfate 0.375 MG Extended Release Oral Tablet [Levbid]
Lysodren 500 mg,19048654,Mitotane 500 MG [Lysodren]
Atacand 1,40095734,candesartan Oral Tablet [Atacand]
Prochlorperazine ,752061,Prochlorperazine
Polymyxin B /Trimethoprim 0.1-10000,19015181,Polymyxin B 10000 UNT/ML / Trimethoprim 1 MG/ML [Polytrim]
OxycoDONE (Immediate Release) ,1124957,Oxycodone
Vytorin 10/20 10/20,42706204,ezetimibe 10 MG / Simvastatin 20 MG [Vytorin]
Sutent 50 mg ,19086383,sunitinib 50 MG [Sutent]
Salmon Oil-1000 1,19050632,salmon oil 1000 MG
Arava 10 mg tablet,1101922,leflunomide 10 MG Oral Tablet [Arava]
rasagiline (Azilect) 1 mg,19089084,rasagiline 1 MG [Azilect]
Travatan 0.004%,19120802,travoprost 0.04 MG/ML [Travatan]
Naltrexone 1.75 mg,1714319,Naltrexone
Ocuvite tablet,40169442,Ascorbic Acid / cuprous oxide / Lutein / Vitamin E / Zinc Oxide Oral Capsule [Ocuvite Lutein]
Epzicom abacavir 600mg - lamivudine 300mg,19122307,abacavir 600 MG / Lamivudine 300 MG [Epzicom]
Sodium Citrate 4% 3mL Syringe,19136048,Sodium
Sodium CITRATE 4% 3mL Syringe,19136048,Sodium
Propofol (Generic) 1000mg/100ml Vial,753630,Propofol 10 MG/ML
Jolessa 1 TAB,19129391,{84 (Ethinyl Estradiol 0.03 MG / Levonorgestrel 0.15 MG Oral Tablet) / 7 (Inert Ingredients 1 MG Oral Tablet) } Pack [Jolessa 91 Day]
Mycophenolate Mofetil 500MG VIAL,19004036,mycophenolate mofetil 500 MG
Symbicort 160-4.5,42706348,Budesonide 0.16 MG/ACTUAT / formoterol fumarate 0.0045 MG/ACTUAT [Symbicort]
Tobramycin Fortified Ophth. 15mg/ml bottle,902722,Tobramycin
Claravis 40 mg Cap,19102592,Isotretinoin 40 MG Oral Capsule [Claravis]
Nesiritide 1.5mg Vial,35604554,Nesiritide 1.5 MG
Melatonin 3mg tab,19083332,Melatonin 3 MG
Taztia XT 240 mg,19047680,Diltiazem Hydrochloride 240 MG [Taztia]
Ranexa 500mg tablet,19036359,ranolazine 500 MG [Ranexa]
tacrolimus 0.5 mg capsules,19079712,Tacrolimus 0.5 MG Oral Capsule
alfuzosin ER 10 mg 24 hr Tab,40164023,Alfuzosin hydrochloride 10 MG
Bimatoprost (Lumigan) 0.03% Opth Soln,904526,bimatoprost 0.3 MG/ML Ophthalmic Solution [Lumigan]
Phillips Milk of Magnesia 311,19077474,Magnesium Hydroxide 311 MG [Phillips Milk of Magnesia]
Temozolomide 165 mg Cap,1341149,temozolomide
Enalaprilat 1.25MG/ML VL,1342025,Enalaprilat 1.25 MG/ML
GlycoLax 17gm,1594542,POLYETHYLENE GLYCOL 3350 17000 MG [Glycolax]
Isradipine 5mg ,1326083,Isradipine 5 MG
Esmolol ,19063575,esmolol
Revatio 20,19079048,sildenafil 20 MG [Revatio]
Diphenhydramine HCl 2% 2% Cream,40033987,Diphenhydramine Topical Cream
Bupivacaine 0.25% 250 mL Bag,19100860,Levobupivacaine 0.25 MG/ML
Levalbuterol (Xopenex) 1.25mg/3ml,1192218,Levalbuterol
menthol 5 % Adhesive Patch,19105356,Menthol 0.05 MG/MG Medicated Patch
Bromday 0.09%,40228201,bromfenac 0.9 MG/ML [Bromday]
Isradipine 5 mg,1326083,Isradipine 5 MG
Tarceva 100 mg,40236070,erlotinib 100 MG [Tarceva]
Oxycodone 20 mg/mL Oral Concentrate,40232735,Oxycodone Hydrochloride 20 MG/ML Oral Solution
Lumigan 0.01%,40226431,bimatoprost 0.1 MG/ML [Lumigan]
Revatio (sildenafil citrate) 20 mg tablets,1316304,sildenafil 20 MG Oral Tablet [Revatio]
Vicodin  10-325 mg,42898296,Acetaminophen 300 MG / Hydrocodone Bitartrate 10 MG [Vicodin]
Byetta 10 mcg,19083253,exenatide 0.01 MG/ACTUAT [Byetta]
Alfuzosin 10 mg,40164023,Alfuzosin hydrochloride 10 MG
Tegretol XR 200 mg,19045159,Carbamazepine 200 MG [Tegretol]
Uroxatral 10 mg Tablet,40164026,Alfuzosin hydrochloride 10 MG [UroXatral]
Lipram 4500 ea,40154342,Amylases / Endopeptidases / Lipase Delayed Release Oral Capsule [Lipram]
Humulin R 100 units/mL,19062458,"Regular Insulin, Human 100 UNT/ML [Humulin R]"
Proglycem 50mg/ml,19043120,Diazoxide 50 MG/ML [Proglycem]
rivastigmine 6mg cap,733568,rivastigmine 6 MG
Alrex 0.2 % Eye Drops,967563,loteprednol etabonate 2 MG/ML Ophthalmic Suspension [Alrex]
Multaq (dronedarone) 400 mg tablets,40163618,dronedarone 400 MG Oral Tablet [Multaq]
Ritonavir study med 100mg,1748959,Ritonavir 100 MG
Orap 1 mg,19022329,Pimozide 1 MG [Orap]
Xyzal 5 mg,40163632,levocetirizine dihydrochloride 5 MG [Xyzal]
Letairis 5mg 5 mg,19013178,ambrisentan 5 MG [Letairis]
Alka-Seltzer tabs,19120902,Simethicone 125 MG [Alka-Seltzer Anti-Gas]
Ranolazine 500 mg Tablet,19123444,ranolazine 500 MG
Xeloda 500 mg Tab,19120286,capecitabine 500 MG [Xeloda]
Avodart (Dutasteride) 0.5mg capsule,989486,Dutasteride 0.5 MG Oral Capsule [Avodart]
Gentamicin ophth oint 0.3% 0.3%,19077580,Gentamicin 0.003 MG/MG Ophthalmic Ointment
Vemurafenib (RO5185426) 240mg Tablets,40241939,Vemurafenib 240 MG Oral Tablet
Bosentan 125mg,19098071,bosentan 125 MG
Cosopt 2 %-0.5 % Eye Drops,1594712,dorzolamide 20 MG/ML / Timolol 5 MG/ML Ophthalmic Solution [Cosopt]
Letairis (Ambrisentan) 5mg tablet,1337104,ambrisentan 5 MG Oral Tablet [Letairis]
Mesalamine Desensitization 5 mg / 10 mL,968426,mesalamine
Avodart 0.5mg,19031909,Dutasteride 0.5 MG [Avodart]
Potassium Chloride 2mEq/ml-10ml,19049574,Potassium Chloride 0.2 MEQ/ML
Zelnorm 6 mg Tab,19026178,tegaserod 6 MG [Zelnorm]
ERYTHROMYCIN 0.5% OPHTH OINT ,19076953,Erythromycin 0.005 MG/MG Ophthalmic Ointment
Peridex 0.12 % Mouthwash,1790985,chlorhexidine gluconate 1.2 MG/ML Mouthwash [Peridex]
Sildenafil (Revatio) 20 mg,19079048,sildenafil 20 MG [Revatio]
OxycoDONE ,1124957,Oxycodone
Xopenex 0.63mg/3ml,19120631,Levalbuterol 0.21 MG/ML [Xopenex]
Cortef 5 mg Tab,19039286,Hydrocortisone 5 MG Oral Tablet [Cortef]
Teriparatide 20 mcg/dose (600 mcg/2.4 mL) Sub-Q Pen Injector,43560308,Teriparatide 0.02 MG/ACTUAT Pen Injector
colesevelam 625,40167019,Colesevelam hydrochloride 625 MG
Avodart 0.5 mg,19031909,Dutasteride 0.5 MG [Avodart]
Cystospaz 0.15 mg,40232548,Hyoscyamine Sulfate 0.15 MG [Cystospaz]
Nexium 40 mg Cap,19005696,Esomeprazole 40 MG [Nexium]
Acular LS 0.4% ,40164857,Ketorolac Tromethamine 4 MG/ML [Acular]
PreserVision 1 ,40169433,Ascorbic Acid / Beta Carotene / cuprous oxide / Vitamin E / Zinc Oxide Oral Tablet [PreserVision]
Patanol 0.1 % Eye Drops,40240036,olopatadine 1 MG/ML Ophthalmic Solution [Patanol]
Novolog 100u/ml-10ml Vial,19005729,"Insulin, Aspart, Human 100 UNT/ML [NovoLog]"
Normocarb Dialysate 240ml Vial,40161286,Magnesium Chloride / Sodium Bicarbonate / Sodium Chloride Injectable Solution [Normocarb HF 25]
abiraterone (Zytiga) 250 mg,40239062,abiraterone acetate 250 MG [Zytiga]
Mupirocin Nasal Ointment 2% 2%,40062277,Mupirocin Nasal Ointment
Gengraf (cyclosporine modified) 25mg,19099404,"cyclosporine, modified 25 MG [Gengraf]"
Trizivir 1 tab,40097201,abacavir / Lamivudine / Zidovudine Oral Tablet [Trizivir]
Nisoldipine (Sular) 20mg tablet,19081868,Nisoldipine 20 MG [Sular]
Niacin Flush Free 500 mg Cap,1517919,Niacin 500 MG Oral Capsule
Morphine Sulfate 100mg/100ml Premix,40169882,Morphine Sulfate 1 MG/ML
Flutamide 125mg Cap,1356482,Flutamide 125 MG Oral Capsule
Bupivacaine 0.1% 250 mL Yellow Med Cassette,732893,Bupivacaine
Epinephrine Kit ,1343916,Epinephrine
Diphenhydramine (Benadryl) cream 1%,40033993,Diphenhydramine Topical Cream [Benadryl]
Janumet 50 mg-500 mg Tab,40164924,Metformin hydrochloride 500 MG / sitagliptin 50 MG [Janumet]
Enema Disposable 1,40036796,Docusate Enema
cefadroxil 500 mg,1769599,Cefadroxil 500 MG
Prelone 15 mg/5 mL Oral Soln,19128781,prednisolone 5 MG/ML Oral Solution [Prelone]
Vytorin 10-40 10 mg-40 mg Tab,42706208,ezetimibe 10 MG / Simvastatin 40 MG [Vytorin]
Prednisolone 20,19092830,prednisolone 20 MG
Zanamivir 5 mg,1708749,Zanamivir 5 MG/ACTUAT
Halcion .125,19088618,Triazolam 0.125 MG [Halcion]
Secretin 16mcg,42629448,Human Secretin 0.016 MG
Calcium Gluconate ,19037038,Calcium Gluconate
Chantix 0.5 mg Tab,780447,varenicline 0.5 MG Oral Tablet [Chantix]
HydrALAZINE ,1373928,Hydralazine
Xopenex HFA 45 mcg/Actuation Aerosol Inhaler,42902352,Levalbuterol 0.045 MG/ACTUAT Metered Dose Inhaler [Xopenex]
Ampyra 10mg,40170684,dalfampridine 10 MG [Ampyra]
Acidophilus 175mg,987153,Lactobacillus acidophilus
MIDAZOLAM ,708298,Midazolam
Aptivus 500 mg,40130101,tipranavir Oral Capsule [Aptivus]
Sodium Chloride  Syringe,40141424,Sodium Chloride Prefilled Syringe
Lactaid 3000 unit,19027640,Lactase 3000 UNT [Lactaid]
Travatan Z 0.004 %,19120802,travoprost 0.04 MG/ML [Travatan]
Zovia 1/35E (28) 1,19127907,{21 (Ethinyl Estradiol 0.035 MG / ethynodiol 1 MG Oral Tablet) / 7 (Inert Ingredients 1 MG Oral Tablet) } Pack [Zovia 1/35E 28 Day]
Tyvaso 1.74mg/2.9 ml 0.6mg/ml,40165308,Treprostinil 0.6 MG/ML [Tyvaso]
Milk Thistle Extract 250 mg capsule,1304309,Milk thistle extract 250 MG Oral Capsule
norethindrone acetate 5 mg Tab,40224821,norethindrone acetate 5 MG
Lodosyn TAB ,40021550,Carbidopa Oral Tablet [Lodosyn]
Foltx 2.5 mg-25 mg-1 mg Oral Tab,40141793,Folic Acid / Vitamin B 12 / Vitamin B6 Oral Tablet [Foltx]
Miconazole  200mg/supp,908107,Miconazole 200 MG
Florastor CAP,35606351,Saccharomyces boulardii Oral Powder [Florastor]
Prednisone 5MG /ML ORAL CONCENTRATE,1551099,Prednisone
AZILECT 1 mg,19089084,rasagiline 1 MG [Azilect]
Prempro 1 tab,40037961,"Estrogens, Conjugated (USP) / Medroxyprogesterone Oral Tablet [Prempro]"
BRINZOLAMIDE (Azopt) 1% OPTH SUSPENSION,40092484,brinzolamide Ophthalmic Suspension [Azopt]
Aromasin Exemestane,40054618,exemestane Oral Tablet [Aromasin]
metformin (FORTAMET) 500mg TAB,40164931,Metformin hydrochloride 500 MG [Fortamet]
Novolog 100u/ml-10ml x 2,19005729,"Insulin, Aspart, Human 100 UNT/ML [NovoLog]"
PHENYLEPHRINE HCL ,1135766,Phenylephrine
Bupivacaine 0.05% 250 mL Bag,19100871,Levobupivacaine 0.5 MG/ML
Potassium Chloride 20mEq/50ml Premix,19049024,Potassium
Acetic Acid 0.04%,929549,Acetic Acid
Avalide 150/12.5MG,19042651,Hydrochlorothiazide 12.5 MG / irbesartan 150 MG [Avalide]
Prempro 1,40037961,"Estrogens, Conjugated (USP) / Medroxyprogesterone Oral Tablet [Prempro]"
fenofibrate 200mg,1551865,Fenofibrate 200 MG
Levalbuterol HCl 1.25 mg,19113973,Levalbuterol 1.25 MG/ML
UROXATRAL 10 mg,40164026,Alfuzosin hydrochloride 10 MG [UroXatral]
Imatinib 400MG/20ML,1304107,imatinib
Enfuvirtide 90MG,35603887,enfuvirtide 90 MG
Benzoyl Peroxide 5% wash,918172,Benzoyl Peroxide
Glucosamine Chondroitin SMConc tablet,40131393,Chondroitin Sulfates / Glucosamine Oral Tablet
Zelnorm (tegaserod) 6 mg,19026178,tegaserod 6 MG [Zelnorm]
Risedronate Sodium 35MG tAB,40174494,risedronate sodium 35 MG Oral Tablet
Bumetanide 1 Syringe,932745,Bumetanide
tetrabenazine (Xenazine) 25mg tab 25 mg Tab,19131890,Tetrabenazine 25 MG Oral Tablet [Xenazine]
Ocuvite 1 cap ,40169429,Ascorbic Acid / Beta Carotene / cuprous oxide / Lutein / sodium selenate / Vitamin E / Zinc Oxide Oral Tablet [Ocuvite]
Flecainide Acetate 150mg TAB,40169049,Flecainide Acetate 150 MG
Aspercreme  10% cream,40239393,trolamine salicylate 100 MG/ML Topical Cream [Aspercreme]
Everolimus 5 mg Tab,19135083,everolimus 5 MG Oral Tablet
Cefazolin 1g Froz.Bag,46287336,Cefazolin 1000 MG
Zetia 10mg,19120997,ezetimibe 10 MG [Zetia]
Byetta (Exenatide) 10mcg/dose,19083253,exenatide 0.01 MG/ACTUAT [Byetta]
Colesevelam (WelChol) 625mg tablet,40167021,Colesevelam hydrochloride 625 MG Oral Tablet [Welchol]
Ortho Tri-Cyclen (28) 0.18/0.215/0.25-35 mg,19118232,Ethinyl Estradiol 0.035 MG / norgestimate 0.25 MG [Ortho Cyclen]
Felodipine 5m,1353817,Felodipine 5 MG
Guaifenesin DM table 1200mg,19096732,Guaifenesin 1200 MG Oral Tablet
Potassium Chloride Replacement (Oncology) 20mEq Tablet,19049106,Potassium Chloride 20 MEQ Extended Release Oral Tablet
Xopenex HFA 45mcg/actuation,19124105,Levalbuterol 0.045 MG/ACTUAT [Xopenex]
Carisoprodol (Soma) 350 mg Oral Tab,749936,Carisoprodol 350 MG Oral Tablet [Soma]
Iodosorb cadexomer iodine 0.9%,19125467,cadexomer iodine 0.009 MG/MG [Iodosorb]
JANUVIA 100 mg Tab,19125043,sitagliptin 100 MG Oral Tablet [Januvia]
Rozerem 8 mg,19122505,ramelteon 8 MG [Rozerem]
Zelboraf 240 mg Tab,40241940,Vemurafenib 240 MG Oral Tablet [Zelboraf]
PreserVision 226 mg-200 unit-5 mg Cap,40169433,Ascorbic Acid / Beta Carotene / cuprous oxide / Vitamin E / Zinc Oxide Oral Tablet [PreserVision]
"Epoetin Alfa 10,000 UNIT VIAL",1301175,Epoetin Alfa 10000 UNT/ML
Savella 100 mg Tab,19080251,Milnacipran hydrochloride 100 MG Oral Tablet [Savella]
TACROLIMUS 0.5MG ,19085134,Tacrolimus 0.5 MG
fluoxymesterone 10mg,1555927,Fluoxymesterone 10 MG
Taclonex 0.05 % (0.064%)-0.005 % Ointment,908984,Betamethasone 0.0005 MG/MG / calcipotriene 0.00005 MG/MG Topical Ointment [Taclonex]
Levemir 100 U/ml,19044971,insulin detemir 100 UNT/ML [Levemir]
Etomidate ,19050488,Etomidate
Hepsera 10 mg,40168222,adefovir dipivoxil 10 MG [Hepsera]
Stalevo 150 150 mg,40021515,Carbidopa / entacapone / Levodopa Oral Tablet [Stalevo]
Sodium Bicarbonate 50MEQ VIAL,939684,Sodium Bicarbonate 500 MG
Eplerenone (INSPRA) 25 mg tablet,19102209,eplerenone 25 MG Oral Tablet [Inspra]
Acetaminophen (Rectal) ,1125315,Acetaminophen
Liothyronine 10 mcg/ml,1505346,liothyronine
Excedrin Extra Strength 1 tab,40003496,Acetaminophen / Aspirin / Caffeine Oral Tablet [Excedrin]
Chlorpromazine 50 mg,40179625,Chlorpromazine 50 MG
Viibryd 40mg,40234848,vilazodone hydrochloride 40 MG [Viibryd]
Desmopressin Acetate 4MCG/ML; 1ML AMP,19135598,Desmopressin Acetate 0.004 MG/ML [DDAVP]
Varenicline 1 mg Tab,780446,varenicline 1 MG Oral Tablet
Byetta 10 mcg/0.04 mL per dose Sub-Q Pen Injector,46234122,exenatide Pen Injector [Byetta]
Propofol Diprivan 200mg,753626,Propofol
coenzyme Q10  200mg 200mg,1351161,coenzyme Q10 200 MG
Amnesteem 20 mg Capsule,19102588,Isotretinoin 20 MG Oral Capsule [Amnesteem]
Ranolazine 250 mg Tablet,1337107,ranolazine
Candesartan Cilexetil 4mg Tab,19113470,candesartan cilexetil 4 MG
Octreotide Acetate ,1522957,Octreotide
Vigamox 0.5 % Eye Drops,19047817,moxifloxacin 5 MG/ML [Vigamox]
Calcium Gluconate 1g/10mL Vial,19037093,Calcium Gluconate 100 MG/ML
viread 300mg Tab,19098330,Tenofovir disoproxil fumarate 300 MG Oral Tablet [Viread]
Benefiber 3gm/dose,1592873,WHEAT DEXTRIN 3000 MG [Benefiber]
Mirapex 0.125 mg Tab,40165162,Pramipexole dihydrochloride 0.125 MG Oral Tablet [Mirapex]
JANUVIA 100 mg,19125042,sitagliptin 100 MG [Januvia]
Niaspan 1000 MG,19029132,Niacin 1000 MG [Niaspan]
Norflex 100mg,40222972,Orphenadrine Citrate 100 MG [Norflex]
Pimecrolimus 1 % Topical Cream,40119606,Pimecrolimus Topical Cream
Vancocin 250 mg Cap,19025859,Vancomycin 250 MG Oral Capsule [Vancocin]
CycloSPORINE Modified (Eon Labs) 25mg,19010558,"cyclosporine, modified 25 MG"
Januvia 100 mg,19125042,sitagliptin 100 MG [Januvia]
Cartia XT 300mg,19133656,Diltiazem Hydrochloride 300 MG [Cartia]
Exelon 9.5mg/24 hr,19127050,rivastigmine 0.396 MG/HR [Exelon]
Quinacrine (Bulk) 100mg,19084558,Quinacrine 100 MG
Levothyroxine 37.5 mcg,1501700,levothyroxine
Lunesta 3mg,19113343,Eszopiclone 3 MG [Lunesta]
Octreotide Acetate 100mcg/mL-1mL,1522957,Octreotide
Rhinocort Aqua 32 mcg/Actuation Nasal Spray,19029347,Budesonide 0.032 MG/ACTUAT Nasal Spray [Rhinocort]
Junel FE 1.5/30 (28) 1.5 mg-30 mcg Tab,42902213,{21 (Ethinyl Estradiol 0.03 MG / norethindrone acetate 1.5 MG Oral Tablet) / 7 (Ferrous fumarate 75 MG Oral Tablet) } Pack [Junel Fe 1.5/30 28 Day]
Avodart 0.5 MG,19031909,Dutasteride 0.5 MG [Avodart]
Mirapex 1.5 mg Tab,40165182,Pramipexole dihydrochloride 1.5 MG Oral Tablet [Mirapex]
ATRIPLA 600/200/300,19124373,efavirenz 600 MG / emtricitabine 200 MG / Tenofovir disoproxil fumarate 300 MG [Atripla]
Meropenem 1000mg Vial,35606005,meropenem 1000 MG
Amoxapine 25mg,713140,Amoxapine 25 MG
Defibrotide (*IND*) 80 mg / mL - 2.5 mL Amp,35603974,defibrotide sodium 80 MG/ML
Teriparatide 20 mcg,1521987,Teriparatide
Maalox aluminum hydrox/mag hydrox/simethicone,40007806,Aluminum Hydroxide / Magnesium Hydroxide Oral Suspension [Maalox]
Humalog Mix 75-25 75/25,46233975,Insulin Lispro Cartridge [Humalog]
warfarin 10 mg Tab,40163518,Warfarin Sodium 10 MG Oral Tablet
Maprotiline HCl 25mg tabs,42800984,Maprotiline Hydrochloride 25 MG Oral Tablet
aranesp 300 mcg 300 mcg,19025192,darbepoetin alfa 0.3 MG/ML [Aranesp]
Granulex 0.12 mg-87 mg/g Topical Spray,45774939,Castor Oil 788 MG/ML / Peruvian balsam 87 MG/ML / TRYPSIN 0.12 MG/ML Topical Spray [Granulex]
Symbicort 160-4.5 mcg,42706348,Budesonide 0.16 MG/ACTUAT / formoterol fumarate 0.0045 MG/ACTUAT [Symbicort]
sevelamer carbonate 2.4 gram Oral Powder Packet,40166055,sevelamer carbonate 2400 MG Powder for Oral Suspension
Latuda (Lurasidone) 40 mg,40231372,Lurasidone Hydrochloride 40 MG [Latuda]
Benicar 40mg,19019201,Olmesartan medoxomil 40 MG [Benicar]
bimatoprost 0.01 % Eye Drops,40226428,bimatoprost 0.1 MG/ML
Aciphex 20 mg Tab,40163287,Rabeprazole sodium 20 MG [Aciphex]
Nitroglycerin Ointment  2% ,1361859,Nitroglycerin 0.02 MG/MG Topical Ointment
Xylocaine 5 % Ointment,40000240,Lidocaine Topical Ointment [Xylocaine]
NuvaRing 0.12-0.015 mg,43012693,Ethinyl Estradiol / Etonogestrel Vaginal Ring [NuvaRing]
sodium citrate 3mL Syringe,977968,sodium citrate
leflunomide 10mg,1101925,leflunomide 10 MG
oxyCODONE 20 mg/mL concentrated oral solution,40232735,Oxycodone Hydrochloride 20 MG/ML Oral Solution
Lunesta (eszopiclone) 3 mg tablets,19113344,Eszopiclone 3 MG Oral Tablet [Lunesta]
Bupivacaine 0.1% ,732893,Bupivacaine
cefadroxil 500 mg Cap,19074847,Cefadroxil 500 MG Oral Capsule
Tears Naturale PM 3 %-94 % Ointment,40236501,Mineral Oil 0.03 MG/MG / Petrolatum 0.94 MG/MG [Tears Naturale PM]
Avodart mg,40033415,Dutasteride Oral Capsule [Avodart]
Diazepam ,723013,Diazepam
NITROPRUSSIDE ,19020994,Nitroprusside
Mannitol 20% ,994123,Mannitol 200 MG/ML
Nafcillin Sodium 2g,35605337,Nafcillin 2000 MG
Risedronate (Actonel) 5mg tab,40174500,risedronate sodium 5 MG [Actonel]
Potassium Chloride 40meq/20ml,40175445,Potassium Chloride 0.4 MEQ
Novolog 100unit/mL-10mL Vial,46234042,"Insulin, Aspart, Human Cartridge [NovoLog]"
clindamycin lotion,40030890,Clindamycin Topical Lotion
Eptifibatide 75MG PREMIX BOTTLE,1322199,eptifibatide
Crestor 10 mg,40165247,Rosuvastatin calcium 10 MG [Crestor]
Cortisone 25 mg Tab,1507705,Cortisone
Medium Chain Triglycerides 30 mL bottle,42899398,Medium chain triglycerides
Prednisone 5MG/ML ORAL SOLUTION,19028933,Prednisone 5 MG/ML Oral Solution
Mesalamine Desensitization 50 mg / 50 mL,968426,mesalamine
Lamictal 200,19038963,lamotrigine 200 MG [Lamictal]
Bimatoprost  (LUMIGAN) 0.03%,19120813,bimatoprost 0.3 MG/ML [Lumigan]
Adenosine (Diagnostic) 6MG/2ML,1309204,Adenosine
Ranolazine 500mg,19123444,ranolazine 500 MG
Lactaid 3000 untis,19027640,Lactase 3000 UNT [Lactaid]
Nasonex 50 mcg/Actuation Spray,36250102,mometasone furoate 0.05 MG/ACTUAT Metered Dose Nasal Spray [Nasonex]
Cyanocobalamin 100mcg tablet,19135931,Cyanocobalamin Co57
magnesium oxide-Mg AA chelate 133mg,19122456,magnesium amino acid chelate 133 MG
Ranolazine SR 500 mg 12 hr Tab,40163878,12 HR ranolazine 500 MG Extended Release Oral Tablet [Ranexa]
Melatonin 3,19083332,Melatonin 3 MG
Vancomycin HCl 500mg Vial,40221357,Vancomycin 500 MG
Dronedarone 400 mg Tablet,40163617,dronedarone 400 MG Oral Tablet
Lodosyn 25 mg Tab,19068367,Carbidopa 25 MG Oral Tablet [Lodosyn]
Esterified Estrogen (Menest) 0.625mg tablet,1551715,"Estrogens, Esterified (USP) 0.625 MG Oral Tablet [Menest]"
Melatonin 1mg/tab,1301233,Melatonin 1 MG
HYDROmorphone ,1126658,Hydromorphone
Mirapex 1 mg Tab,40165178,Pramipexole dihydrochloride 1 MG Oral Tablet [Mirapex]
Foradil 12 mcg,36249311,formoterol fumarate 0.012 MG [Foradil]
Avodart (dutasteride) 0.5mg cap,989486,Dutasteride 0.5 MG Oral Capsule [Avodart]
Zemplar 1 mcg,19123124,paricalcitol 0.001 MG [Zemplar]
Requip XL 6 mg,19023247,ropinirole 6 MG [Requip]
Levemir 100 units/ml,19044971,insulin detemir 100 UNT/ML [Levemir]
Halcion 0.25,19088619,Triazolam 0.25 MG [Halcion]
Gleevec (imatinib mesylate) 100 mg capsules,19071511,imatinib 100 MG Oral Capsule [Gleevec]
PHENYLEPHrine ,1135766,Phenylephrine
Dilaudid 20 mg/ml,35603598,Hydromorphone Injection [Dilaudid]
Buprenorphine HCl Buprenophrine HCl,1133201,Buprenorphine
Namenda 5 mg,40222864,Memantine hydrochloride 5 MG [Namenda]
Acetylcysteine 600 mg Cap,1139058,Acetylcysteine 600 MG
NAC 600,1139058,Acetylcysteine 600 MG
Hydroxyzine HCl 25 mg,19085963,Hydroxyzine 25 MG
Aranesp 40MCG,19025158,darbepoetin alfa 0.04 MG/ML [Aranesp]
Promethazine HCl 1 Syringe,45774664,Promethazine Prefilled Syringe
Vesicare 10 mg Tab,19069987,solifenacin succinate 10 MG [Vesicare]
Nevirapine 50 mg/5 ml,1769414,Nevirapine 10 MG/ML
Halcion 0.25 mg,19088619,Triazolam 0.25 MG [Halcion]
Nasacort 2,36250148,Triamcinolone Metered Dose Nasal Spray [Nasacort]
Atacand 32,19055330,candesartan cilexetil 32 MG [Atacand]
"Gengraf 25mg cyclosporine capsules, USP MODIFIED",19010560,"cyclosporine, modified 25 MG Oral Capsule [Gengraf]"
Multaq 400 mg Tab,40163618,dronedarone 400 MG Oral Tablet [Multaq]
Betaseron 0.3 mg,35605315,interferon beta-1b 0.3 MG [Betaseron]
Vigamox 0.5%,19047817,moxifloxacin 5 MG/ML [Vigamox]
Clobazam Clobazam,19050832,clobazam
Adcirca 20 mg,19048492,tadalafil 20 MG [Adcirca]
Mestinon SR 180 mg cap,40173878,Pyridostigmine Bromide 180 MG [Mestinon]
Prednisolone (prelone) 15 mg/5 mL Oral Soln,19128781,prednisolone 5 MG/ML Oral Solution [Prelone]
Vagifem vagifem,40037571,Estradiol Vaginal Tablet [Vagifem]
Formoterol Fumarate 12 mcg Inhl CpDv,42708523,formoterol fumarate 0.012 MG Inhalant Powder
Sodium Chloride Syringe,40141424,Sodium Chloride Prefilled Syringe
Candesartan Cilexetil 16mg,1351582,candesartan cilexetil 16 MG
coenzyme Q10 200 mg capsule,19065475,coenzyme Q10 200 MG Oral Capsule
Junel 1/20 (21) 1 mg-20 mcg tablet,42902180,{21 (Ethinyl Estradiol 0.02 MG / norethindrone acetate 1 MG Oral Tablet) } Pack [Junel 1/20 21 Day]
Phenobarbital 15 mg Tab,734850,Phenobarbital 15 MG
Stalevo 150 37.5 mg-150 mg-200 mg Tab,19102818,Carbidopa 37.5 MG / entacapone 200 MG / Levodopa 150 MG Oral Tablet [Stalevo]
Eplerenone 50 mg Oral Tab,1309801,eplerenone 50 MG Oral Tablet
Byetta 10mcg,19083253,exenatide 0.01 MG/ACTUAT [Byetta]
Pulmicort respules 0.5mg/2ml neb,19038788,Budesonide 0.25 MG/ML [Pulmicort]
Fentanyl Citrate 500mcg/10mL Amp,1154029,Fentanyl
Isradipine 5 mg ,1326083,Isradipine 5 MG
Humalog KwikPen 100 unit/mL Sub-Q Pen,46233972,Insulin Lispro 100 UNT/ML Pen Injector [Humalog]
Revatio 20mg,19079048,sildenafil 20 MG [Revatio]
Zomig 2.5mg ODT tabs 2.5mg,1116072,zolmitriptan 2.5 MG Oral Tablet [Zomig]
zidovudine 50mg/5ml,1710656,Zidovudine 10 MG/ML
TOLVAPTAN 30 mg Tablet,19036832,tolvaptan 30 MG Oral Tablet
Ceftazidime 1GM FROZ. BAG,46275517,Ceftazidime 1000 MG [Fortaz]
Prednisone 20MG ORAL SOLUTION,40073530,Prednisone Oral Solution [Liquid Pred]
dexlansoprazole (Dexilant) 30 mg,40174234,dexlansoprazole 30 MG [Dexilant]
Florastor 250 mg Cap,19122414,Saccharomyces boulardii 250 MG Oral Capsule [Florastor]
Ex-Lax Maximum Strength 25 mg tablet,19047488,"sennosides, USP 25 MG Oral Tablet [Ex-Lax Maximum Relief Formula]"
Vytorin 10-80 10 mg-80 mg Tab,42706212,ezetimibe 10 MG / Simvastatin 80 MG [Vytorin]
XIBROM 0.09% OPTH Soln,1139215,bromfenac 0.9 MG/ML Ophthalmic Solution [Xibrom]
coenzyme Q10 200 mg,1351161,coenzyme Q10 200 MG
Racepinephrine ,1300153,Racepinephrine
 Cabergoline     ( Dostinex) 0.5 mg,19119995,cabergoline 0.5 MG [Dostinex]
"Preservision (lutein, vit c, vit e, zinc, copper) 5mg, 226mg, 200iu, 34.8mg, 0.8mg)",40169467,Ascorbic Acid 226 MG / cuprous oxide 0.8 MG / dl-alpha tocopheryl acetate 200 UNT / Lutein 5 MG / Zinc Oxide 34.8 MG [PreserVision with Lutein]
Ranexa 500 mg,19036359,ranolazine 500 MG [Ranexa]
Xenical 120 mg,19120531,orlistat 120 MG [Xenical]
Unasyn 1.5 gm Vial,46275618,Ampicillin / Sulbactam Injection [Unasyn]
Tretinoin (Emollient) 0.04% gel,19097797,Tretinoin 0.0004 MG/MG
Yasmin 28 28,19127905,{21 (drospirenone 3 MG / Ethinyl Estradiol 0.03 MG Oral Tablet) / 7 (Inert Ingredients 1 MG Oral Tablet) } Pack [Yasmin 28 Day]
Ascorbic Acid 500 mg/mL Injection,19080924,Ascorbic Acid 500 MG/ML
Morphine Sulfate 2mg/ml Syringe,42902935,Morphine Sulfate 2 MG/ML Prefilled Syringe
"Dexilant 30 mg capsule, delayed release",40174233,dexlansoprazole 30 MG Delayed Release Oral Capsule [Dexilant]
SPRYCEL 70 mg Tab,1358465,dasatinib 70 MG Oral Tablet [Sprycel]
Claravis 20 mg Cap,19102589,Isotretinoin 20 MG Oral Capsule [Claravis]
Mirapex tablet,40101732,Pramipexole Oral Tablet [Mirapex]
Tyvaso 1.74 mg/2.9 mL (0.6 mg/mL) Neb Solution,40165307,Treprostinil 0.6 MG/ML Inhalant Solution [Tyvaso]
Zestril 20 mg Tab,19003852,Lisinopril 20 MG Oral Tablet [Zestril]
exemestane 25 mg Tab,19077218,exemestane 25 MG Oral Tablet
Zaditor 0.025 % Eye Drops,19071428,Ketotifen 0.25 MG/ML Ophthalmic Solution [Zaditor]
Glucosamine Chondroitin MaxStr 1,40131392,Chondroitin Sulfates / Glucosamine Oral Capsule
sorafenib 200 mg Tab,1363389,sorafenib 200 MG Oral Tablet
Calcium Lactate calcium lactate,40018081,Calcium Gluconate / calcium lactate Oral Solution
Azor 10 mg-40 mg Tab,19020162,Amlodipine 10 MG / Olmesartan medoxomil 40 MG [Azor]
Miralax 0.125mg,1594549,POLYETHYLENE GLYCOL 3350 Powder for Oral Solution [Miralax]
Allegra-D 24 Hour 180-240mg,40223182,24 HR Fexofenadine hydrochloride 180 MG / Pseudoephedrine Hydrochloride 240 MG Extended Release Oral Tablet [Allegra-D]
Interferon Alfa 2A (INFERGEN) 15 mcg,19110378,Interferon Alfa-2a 10 UNT/MG
Foltx 2.5/25/1 mg ,40141793,Folic Acid / Vitamin B 12 / Vitamin B6 Oral Tablet [Foltx]
Advair Diskus 500/50,40171043,Fluticasone propionate 0.5 MG/ACTUAT / salmeterol 0.05 MG/ACTUAT [Advair]
Alphagan P 0.1 % Eye Drops,40164131,Brimonidine tartrate 1 MG/ML Ophthalmic Solution [Alphagan]
LIDODERM PATCHES 5% 1,40226999,Lidocaine 0.05 MG/MG Medicated Patch [Lidoderm]
Albuterol 0.083% Neb Soln ,1154501,Albuterol 0.83 MG/ML
Emend 125 mg (1)-80 mg (1)-80 mg(1) Caps in dose pack,19128382,{1 (aprepitant 125 MG Oral Capsule [Emend]) / 2 (aprepitant 80 MG Oral Capsule [Emend]) } Pack [Emend Tri-Fold Pack]
Maprotiline HCl 25mg tab,42800984,Maprotiline Hydrochloride 25 MG Oral Tablet
acetaminophen 500 mg Cap,19119236,Acetaminophen 500 MG [Meda Cap]
Lumigan 1,40226431,bimatoprost 0.1 MG/ML [Lumigan]
Vyvanse 50 mg Cap,40163648,lisdexamfetamine dimesylate 50 MG [Vyvanse]
Humibid 600 mg,19068565,Guaifenesin 600 MG [Humibid L.A.]
XIBROM 0.09%,19122055,bromfenac 0.9 MG/ML [Xibrom]
ezogabine 50mg,40240008,ezogabine 50 MG
Bosentan 125 mg Tab,1321641,bosentan 125 MG Oral Tablet
Doxycycline Hyclate (Periostat) 20mg capsule,1738577,doxycycline hyclate 20 MG Oral Capsule [Periostat]
Strattera 10 mg capsule,742226,atomoxetine 10 MG Oral Capsule [Strattera]
Pantoprazole Sodium 40mg Vial,19085107,pantoprazole 40 MG
Leuprolide Acetate 7.5 mg,40240986,Leuprolide Acetate 7.5 MG/ML
Calcium Replacement (Oncology) ,19018544,Calcium
Urocit-K 5 (Potassium Citrate) 10 meq (1080 mg) tablet,19118775,potassium citrate 10 MEQ [Urocit-K]
Muro 128 5 % Eye Ointment,40143666,Sodium Chloride Ophthalmic Ointment [Muro 128]
Gluco Sulfate NaCl-Chond Su Na tab,40131393,Chondroitin Sulfates / Glucosamine Oral Tablet
Water Water,19010309,Water
Medrol (Pak) tabs,40060730,Methylprednisolone Oral Tablet [Medrol]
Omnipred 1%,45776439,prednisolone acetate 10 MG/ML [Omnipred]
Tylenol  Meltaways 320mg,19042364,Acetaminophen 32 MG/ML [Tylenol]
Zymar 0.3%,19121058,gatifloxacin 3 MG/ML [Zymar]
Femhrt 1/5 5mcg/1mg,42707003,Ethinyl Estradiol 0.005 MG / norethindrone acetate 1 MG [Femhrt]
Symbicort 160 mcg-4.5 mcg/Actuation,42706348,Budesonide 0.16 MG/ACTUAT / formoterol fumarate 0.0045 MG/ACTUAT [Symbicort]
Aripiprazole 5 mg Tab,19102213,aripiprazole 5 MG Oral Tablet
Pilopine HS 4 % Eye Gel,40224315,Pilocarpine Hydrochloride 0.04 MG/MG Ophthalmic Gel [Pilopine]
Zomig 2.5mg -ZMT tabs 2.5mg,19023496,zolmitriptan 2.5 MG [Zomig]
Mesalamine Desensitization 0.025 mg / 10 mL,968426,mesalamine
Trientine HCl 250mg capsule,19004991,Trientine 250 MG Oral Capsule
Lumigan 0.03%,19120813,bimatoprost 0.3 MG/ML [Lumigan]
Meperidine ,1102527,Meperidine
Phenylephrine HCl ,1135766,Phenylephrine
Mometasone furoate (Nasonex) 0.05mg/inh nasal spray,19112698,mometasone furoate 0.05 MG/ML Nasal Spray
Cangrelor Study Drug (*IND*) 1 Dose,46275677,cangrelor
Aspirin (Rectal) ,1112807,Aspirin
Dextran  1 (Promit) 1,1319182,Dextran 70 1 MG/ML
Forteo 20 mcg/dose (600 mcg/2.4 mL) Sub-Q Pen Injector,43560309,Teriparatide 0.02 MG/ACTUAT Pen Injector [Forteo]
Adefovir Dipivoxil 10mg,40168219,adefovir dipivoxil 10 MG
Vancomycin fortified opthalmic 50mg/ml,1707687,Vancomycin
Lidocaine Viscous 2% 120ml Bottle,989878,Lidocaine
Midazolam ,708298,Midazolam
Humibid E 400 mg,19084309,Guaifenesin 400 MG [Humibid e]
Arimidex 1MG TAB,1348266,anastrozole 1 MG Oral Tablet [Arimidex]
Glyset 100 mg,19067232,miglitol 100 MG [Glyset]
Lunesta 3 mg Tab,19113344,Eszopiclone 3 MG Oral Tablet [Lunesta]
melatonin 1 mg Tab,1301156,Melatonin 1 MG Oral Tablet
dexamethasone oral solution 0.5mg/5ml,19105671,Dexamethasone 0.5 MG/ML Oral Solution
Loestrin 1.5/30 (21) 1.5 mg-30 mcg Tab,42902219,{21 (Ethinyl Estradiol 0.03 MG / norethindrone acetate 1.5 MG Oral Tablet) } Pack [Loestrin 1.5/30 21 Day]
Vasopressin 20U/ML VIAL,1507839,Vasopressin (USP) 20 UNT/ML
Symbicort 160 mcg-4.5 mcg/Actuation Inhalation HFA Aerosol Inhaler,42902433,Budesonide 0.16 MG/ACTUAT / formoterol fumarate 0.0045 MG/ACTUAT Metered Dose Inhaler [Symbicort]
Levalbuterol (Xopenex) 0.63 mg/3 mL,1192218,Levalbuterol
Neupro 6 mg patch,19012089,Rotigotine 0.25 MG/HR [Neupro]
Heparin Sodium ,1367571,heparin
Phenylephrine HCl 10MG/1ML VIAL,1136802,Phenylephrine 10 MG/ML
Symbicort 80 mcg-4.5 mcg/Actuation Inhalation HFA Aerosol Inhaler,42903396,Budesonide 0.08 MG/ACTUAT / formoterol fumarate 0.0045 MG/ACTUAT Metered Dose Inhaler [Symbicort]
Halobetasol Propionate 0.05%,40168956,halobetasol propionate 0.0005 MG/MG
Hespan 500mL BAG,19132820,Hetastarch 60 MG/ML [Hespan]
Mirapex TABLET,40101732,Pramipexole Oral Tablet [Mirapex]
Lutein 6 mg,1310355,Lutein 6 MG
"Ergocalciferol (Vitamin D2) 8,000 unit/mL Oral Drops",19045050,Ergocalciferol 8000 UNT/ML Oral Solution [Drisdol]
Pulmicort Flexhaler 180 mcg/Inhalation Breath Activated,19123498,Budesonide 0.05 MG/ACTUAT Inhalant Solution [Pulmicort]
Trilipix 135 mg,19044092,fenofibric acid 135 MG [Trilipix]
Nitroglycerin SL ,1361711,Nitroglycerin
sevelamer carbonate 2.4 gm,1718121,sevelamer carbonate 2400 MG
roflumilast 500 mcg tablet,40236899,Roflumilast 0.5 MG Oral Tablet
Ribavirin *NF* 1 gm Vial,1762711,Ribavirin
Levothyroxine Sodium 50 mcg,1501700,levothyroxine
Glucosamine tab,40044539,Glucosamine Oral Tablet
Chantix 1 mg,19089147,varenicline 1 MG [Chantix]
halobetasol propionate 0.05 % Topical Cream,949759,halobetasol
Yasmin 28 3-0.03 mg tab,19127905,{21 (drospirenone 3 MG / Ethinyl Estradiol 0.03 MG Oral Tablet) / 7 (Inert Ingredients 1 MG Oral Tablet) } Pack [Yasmin 28 Day]
MICRONEFRIN 2.25%,19000161,Racepinephrine 22.5 MG/ML [Micronefrin]
Epinephrine ,1343916,Epinephrine
Fentanyl Citrate Dummy Pkg for POE pump and PHA SS ordering,1154029,Fentanyl
dutasteride (Avodart) 0.5mg,19031909,Dutasteride 0.5 MG [Avodart]
Epoetin Alfa 4000U VIAL,1301180,Epoetin Alfa 4000 UNT/ML
Viagra 25mg,19036977,sildenafil 25 MG [Viagra]
Warfarin 10 mg,40163517,Warfarin Sodium 10 MG
Clobazam 10mg,19050837,clobazam 10 MG
PreserVision AREDS 226-200-5 mg-unit-mg ,40169433,Ascorbic Acid / Beta Carotene / cuprous oxide / Vitamin E / Zinc Oxide Oral Tablet [PreserVision]
Mobic 15 mg Tab,1150349,meloxicam 15 MG Oral Tablet [Mobic]
Amlodipine 5 mg,1332450,Amlodipine 5 MG
Lumigan 0.03 % Eye Drops,19120813,bimatoprost 0.3 MG/ML [Lumigan]
Concerta 18mg 18mg,40236428,Methylphenidate Hydrochloride 18 MG [Concerta]
Acyclovir suspension 400mg,40006514,Acyclovir Oral Suspension [Zovirax]
Uroqid-Acid No.2 Methenamine 500 mg and sodium acid phosphate 500 mg,19133326,"methenamine mandelate 500 MG / Sodium Phosphate, Monobasic 500 MG [Uroqid-Acid No.2]"
BENICAR HCT 40/12.5,19135230,Hydrochlorothiazide 12.5 MG / Olmesartan medoxomil 40 MG [Benicar HCT]
Pulmicort Turbuhaler 200 mcg,40139885,Budesonide Inhalant Powder [Pulmicort Turbohaler]
Travatan Z 0.004%,19120802,travoprost 0.04 MG/ML [Travatan]
Folplex 2.2 1,40135920,Folic Acid / Vitamin B 12 / Vitamin B6 Oral Tablet [Folplex]
Aspirin ,1112807,Aspirin
Revatio (Sildenafil) 40 mg,19079048,sildenafil 20 MG [Revatio]
Water 500ml,19010309,Water
Varicella Zoster Immune Glob 125 Unit Vial,543291,varicella-zoster immune globulin
Enablex 15 mg 24 hr Tab,19114110,24 HR darifenacin 15 MG Extended Release Oral Tablet [Enablex]
lapatinib 250 mg,1359549,lapatinib 250 MG
Mesalamine Desensitization 0.5 mg / 10 mL,968426,mesalamine
Domperidone (Bulk) tab,40031907,Domperidone Oral Tablet
Tolvaptan 30 mg Tablet,19036832,tolvaptan 30 MG Oral Tablet
Bosentan Tracleer,40092427,bosentan Oral Tablet [Tracleer]
Zaditor Opthalmic Solution,40049172,Ketotifen Ophthalmic Solution [Zaditor]
Lotemax 0.5,40238170,loteprednol etabonate 0.005 MG/MG [Lotemax]
Phenylephrine HCl 1% Phenylephrine 1%,1135766,Phenylephrine
CONCERTA 18mg,40236428,Methylphenidate Hydrochloride 18 MG [Concerta]
desvenlafaxine 100 mg,19129663,Desvenlafaxine 100 MG
Haloperidol ,766529,Haloperidol
Flonase 50 mcg/actuation,40171024,Fluticasone propionate 0.05 MG/ACTUAT [Flonase]
Ambien CR 12.5 mg Tab,40163498,Zolpidem tartrate 12.5 MG [Ambien]
Florastor 250mg,35606349,Saccharomyces boulardii 250 MG [Florastor]
melatonin 1,1301233,Melatonin 1 MG
Zanamivir 10mg/ml  20ml vial,1708748,Zanamivir
Gengraf 25mg Capsule (modified),19010560,"cyclosporine, modified 25 MG Oral Capsule [Gengraf]"
Sutent 25 mg Cap,19086382,sunitinib 25 MG [Sutent]
Lactobacillus Acidophilus 500 milli9on,987128,Lactobacillus
Erlotinib 150 mg Tab,19122519,erlotinib 150 MG Oral Tablet
Sanctura XR 60 mg,40163807,trospium chloride 60 MG [Sanctura]
Revatio 20 mg,19079048,sildenafil 20 MG [Revatio]
Ipratropium bromide 1 SPRAY,1112921,Ipratropium
Glucotrol XL 5mg tab,19030443,Glipizide 5 MG Oral Tablet [Glucotrol]
"Diphenhydramine (Benadryl) cream 1% Diphenhydramine, 28.3 gm tube",40232427,Diphenhydramine Hydrochloride 10 MG/ML Topical Cream [Benadryl]
Posaconazole 40mg/mL Suspension,19125036,posaconazole 40 MG/ML Oral Suspension
"Thrombin 10,000 units",1300673,Thrombin
Levemir Flexpen 100 U/ml,19044971,insulin detemir 100 UNT/ML [Levemir]
Abreva 1,40163613,docosanol 100 MG/ML [Abreva]
Avodart (dutasteride) 0.5mg Capsule,989486,Dutasteride 0.5 MG Oral Capsule [Avodart]
Chromium Picolinate 200 mcg,19061821,Chromium
Anti-Thymocyte Globulin (Rabbit) 25mg Vial,19136207,"Lymphocyte Immune Globulin, Anti-Thymocyte Globulin"
Mesalamine Desensitization 2.5 mg / 10 mL,968426,mesalamine
Levoxyl 137,40175039,Levothyroxine Sodium 0.137 MG [Levoxyl]
Mitotane 500 mg Tab,1309182,Mitotane 500 MG Oral Tablet
Estradiol Transdermal (Vivelle-DOT) 0.05mg/day patch,42902446,Estradiol 0.00208 MG/HR Transdermal System [Vivelle]
Albuterol Inhaler ,40006965,Albuterol Inhalant Powder
INSULIN ULTRALENTE 100 UNITS/1 ML,1586383,"Ultralente Insulin, Human 100 UNT/ML"
Diflunisal 500mg,1126165,Diflunisal 500 MG
Trisodium Citrate 0.4% Replacement Soln 3556mL Bag,19065826,trisodium citrate
Propranolol 80 mg,1353916,Propranolol 80 MG
Requip XL 2 mg 24 hr Tab,19023210,ropinirole 2 MG [Requip]
menthol (Icy Hot Patch) 5 %,901656,Menthol
Advair HFA 230 mcg-21 mcg/Actuation Aerosol Inhaler,42902951,Fluticasone propionate 0.23 MG/ACTUAT / salmeterol 0.021 MG/ACTUAT Metered Dose Inhaler [Advair]
Naltrexone 1.75 mg ,1714319,Naltrexone
Aranesp 25mcg/ml vial,19025157,darbepoetin alfa 0.025 MG/ML [Aranesp]
Elidel 1,19011354,Pimecrolimus 10 MG/ML [Elidel]
Requip XL 1,19023209,ropinirole 1 MG [Requip]
lapatinib 250 mg Tab,1359550,lapatinib 250 MG Oral Tablet
"Actimmune 2,000,000 unit/0.5 mL Sub-Q",19128265,0.5 ML Interferon gamma-1b 0.2 MG/ML Injection [Actimmune]
"Mirapex ER 0.75 mg tablet,extended release",40173312,Pramipexole dihydrochloride 0.75 MG Extended Release Oral Tablet [Mirapex]
Lotemax 0.5 % Opht DrpS,40238170,loteprednol etabonate 0.005 MG/MG [Lotemax]
Dronedarone 400 mg tablets,40163617,dronedarone 400 MG Oral Tablet
Benicar 20 mg /12.5 mg,19135232,Hydrochlorothiazide 12.5 MG / Olmesartan medoxomil 20 MG [Benicar HCT]
Nitroprusside Sodium 25mg/ml-2ml,46287575,Sodium Nitroprusside 25 MG/ML
Midazolam HCl ,708298,Midazolam
Potassium Chloride 10 meq,19049429,Potassium Chloride 10 MEQ
Colazal 750 mg,40168551,Balsalazide disodium 750 MG [Colazal]
Bextra 20 mg,19016200,valdecoxib 20 MG [Bextra]
Nitroprusside Sodium ,19020994,Nitroprusside
riboflavin 50mg,19062923,Riboflavin 50 MG
Bupivacaine 0.1% 250 mL CADD Med Cassette,732893,Bupivacaine
degarelix 120 mg syringe,1718073,degarelix 120 MG
Latuda 40 mg Tab,40231371,Lurasidone Hydrochloride 40 MG Oral Tablet [Latuda]
Botulinum Toxin Type A 100 unit/vial,35604244,onabotulinumtoxinA 100 UNT
EPINEPHRINE ,1343916,Epinephrine
Potassium Phosphate 3mmol/ml-50ml,19049024,Potassium
Femara 2.5mg,19048141,letrozole 2.5 MG [Femara]
"Zenpep 20,000-68,000-109,000 unit Capsule, delayed release",40241649,Amylases / Endopeptidases / Lipase Delayed Release Oral Capsule [Zenpep]
ALBUTEROL ,1154343,Albuterol
Mesalamine Desensitization 0.25 mg / 10 mL,968426,mesalamine
Zymar 0.3 % Eye Drops,19102198,gatifloxacin 3 MG/ML Ophthalmic Solution [Zymar]
Clobazam 10mg tab,19021852,clobazam 10 MG Oral Tablet
Haloperidol 2 mg/ml,19081395,Haloperidol 2 MG/ML
Gleevec 100 mg Tab,19071511,imatinib 100 MG Oral Capsule [Gleevec]
Tracleer 62.5 mg Tab,19098352,bosentan 62.5 MG Oral Tablet [Tracleer]
Halcion 1,40085925,Triazolam Oral Tablet [Halcion]
dorzolamide 2% trusopt,19022869,dorzolamide 20 MG/ML [Trusopt]
Mirapex ER 1.5mg ER tablet,40165182,Pramipexole dihydrochloride 1.5 MG Oral Tablet [Mirapex]
Agrylin (anagrelide) 0.5mg CAP 0.5 mg Cap,19052965,anagrelide 0.5 MG [Agrylin]
Urispas (flavoate HCL) 100mg,40238271,Flavoxate Hydrochloride 100 MG [Urispas]
HydrALAzine ,1373928,Hydralazine
Depakote 500 mg Tab,40238258,Divalproex Sodium 500 MG [Depakote]
Dornase Alfa 1 mg/mL Inhl Soln,19076733,Dornase Alfa 1 MG/ML Inhalant Solution
saccharomyces boulardii 1 CAP,991855,Saccharomyces boulardii
Candesartan 8mg,19113474,candesartan cilexetil 8 MG
Atrovent 0.06 % Nasal Spray,19121772,Ipratropium 0.6 MG/ML Nasal Spray [Atrovent]
Prozac 20 mg/cap,19080281,Fluoxetine 20 MG [Prozac]
citrate 3mL Syringe,19011034,Citrate
Cefuroxime 500mg Tablet,19075002,Cefuroxime 500 MG Oral Tablet
Epinephrine 1MG/ML AMP,1344056,Epinephrine 1 MG/ML
Zytiga (Abiraterone) 250mg 250 mg,40239062,abiraterone acetate 250 MG [Zytiga]
Rivastigmine 9.5mg/24hr,19127050,rivastigmine 0.396 MG/HR [Exelon]
Econazole 1% Cream 30GM,40162381,Econazole Nitrate 10 MG/ML Topical Cream
IRESSA gefitinib,40059617,gefitinib Oral Tablet [Iressa]
Unasyn 3gm Vial,46275618,Ampicillin / Sulbactam Injection [Unasyn]
"Lactaid 3,000 unit chewable tablet",19027640,Lactase 3000 UNT [Lactaid]
Enablex 7.5 mg 24 hr Tab,19114114,24 HR darifenacin 7.5 MG Extended Release Oral Tablet [Enablex]
Topiramate 15mg sprinkle capsule,19028939,topiramate 15 MG Oral Capsule
OXYTROL 3.9,42902661,oxybutynin 0.162 MG/HR Transdermal System [Oxytrol]
Zaditor (Ketotifen) 0.025%,19100323,Ketotifen 0.25 MG/ML [Zaditor]
"Fluticasone 50 mcg/Actuation Nasal Spray, Susp",36250141,Fluticasone propionate 0.05 MG/ACTUAT Metered Dose Nasal Spray
Intralipid 10% Emulsion,1718631,Soybean Oil 100 MG/ML [Intralipid]
Lialda 1.2 gm,19005335,mesalamine 1200 MG [Lialda]
Symlin 0.6mg/ml,40165688,pramlintide acetate 0.6 MG/ML [Symlin]
Caduet 5-80 5-80,19128168,Amlodipine 5 MG / atorvastatin 80 MG [Caduet]
Gleevec 100 mg capsules,19071511,imatinib 100 MG Oral Capsule [Gleevec]
Lotemax 0.5%,40238170,loteprednol etabonate 0.005 MG/MG [Lotemax]
darifenacin SR 7.5 mg 24 hr Tab,916234,24 HR darifenacin 7.5 MG Extended Release Oral Tablet
Atrovent Nasal 0.03%,40126520,Ipratropium Nasal Spray [Atrovent]
Lescol XL 80 mg 24 hr Tab,19125466,24 HR fluvastatin 80 MG Extended Release Oral Tablet [Lescol]
acetylcysteine 600 mg Cap,1139058,Acetylcysteine 600 MG
Dronedarone 400 mg Tab,40163617,dronedarone 400 MG Oral Tablet
Melatonin 5 mg Tab,1301234,Melatonin 5 MG
Clobazam 10mg TAB,19021852,clobazam 10 MG Oral Tablet
SEROquel XR 50 mg,19046817,quetiapine 50 MG [Seroquel]
Yasmin 28 3-0.03 mg,19127905,{21 (drospirenone 3 MG / Ethinyl Estradiol 0.03 MG Oral Tablet) / 7 (Inert Ingredients 1 MG Oral Tablet) } Pack [Yasmin 28 Day]
Efudex 5 %,19087593,Fluorouracil 50 MG/ML [Efudex]
Iloprost 20 mcg,19110302,Iloprost 0.02 MG/ML
Travatan Z 0.004 % Eye Drops,19071741,travoprost 0.04 MG/ML Ophthalmic Solution [Travatan]
NovoLOG Flexpen 100 U/ml,19005729,"Insulin, Aspart, Human 100 UNT/ML [NovoLog]"
Symbicort 160-4.5mcg/actuation,42706348,Budesonide 0.16 MG/ACTUAT / formoterol fumarate 0.0045 MG/ACTUAT [Symbicort]
Fentanyl ,1154029,Fentanyl
Betimol (timolol hemihydrate) 0.25%,19056457,Timolol 2.5 MG/ML [Betimol]
Humalog 75/25 Pen 75/25,46233975,Insulin Lispro Cartridge [Humalog]
Lactobacillus Rhamnosus (GG) 10 billion,19122437,Lactobacillus rhamnosus GG
balsalazide 750 mg Cap,40168549,Balsalazide disodium 750 MG Oral Capsule
Lidocaine 1% ,989878,Lidocaine
Flaxseed Oil Flaxseed Oil,1315342,Flaxseed extract
Betaseron 1,35605315,interferon beta-1b 0.3 MG [Betaseron]
Gentamicin 100mg Premix,45892419,Gentamicin
Balsalazide Balsalazide,934262,balsalazide
Lantus Solostar 100 unit/mL (3 mL) Sub-Q Insulin Pen,19120790,Insulin Glargine 100 UNT/ML [Lantus]
Sanctura 60mg,40163807,trospium chloride 60 MG [Sanctura]
JANUVIA 100mg,19125042,sitagliptin 100 MG [Januvia]
Vancomycin ophthalmic solution 50mg/ml,1707687,Vancomycin
Erlotinib (Tarceva) 150 mg Tablet,40236071,erlotinib 150 MG Oral Tablet [Tarceva]
Nifedipine (Bulk) 0.2% gel,1318853,Nifedipine
Prozac Brand Name 60 mg,19116858,Fluoxetine 60 MG [Prozac]
Sanctura XR 60 mg 24 hr Cap,40162454,24 HR trospium chloride 60 MG Extended Release Oral Capsule [Sanctura]
Aralast 500mg,46276120,alpha 1-Antitrypsin Injection [Aralast]
CellCept 500 mg,19023136,mycophenolate mofetil 500 MG [Cellcept]
Albuterol Inhaler (ProAir) ,46234507,Albuterol Dry Powder Inhaler [ProAir]
Diazoxide 50mg,1523321,Diazoxide 50 MG
Vancomycin Enema Vancomycin 1mg/ml,1707687,Vancomycin
Coenzyme Q10 100 mg,1351160,coenzyme Q10 100 MG
"Lansoprazole 15 mg Cap, Delayed Release",929953,lansoprazole 15 MG Delayed Release Oral Capsule
"Epogen 20,000 units",19045597,Epoetin Alfa 20000 UNT/ML [Epogen]
Camila 0.35 mg tablet,19127922,{28 (Norethindrone 0.35 MG Oral Tablet) } Pack [Camila 28 Day]
Tizanidine 4 mg Tab,778479,tizanidine 4 MG Oral Tablet
Chlorothiazide Sodium 500MG VIAL,19062415,Chlorothiazide 500 MG [Diuril]
Bimatoprost 0.03&,904528,bimatoprost 0.3 MG/ML
Omnipred 1 % Eye Drops,45776440,prednisolone acetate 10 MG/ML Ophthalmic Suspension [Omnipred]
Elidel 1%,19011354,Pimecrolimus 10 MG/ML [Elidel]
Diltiazem 50MG/10ML VL,1328165,Diltiazem
methylphenidate SR  20 mg,705944,Methylphenidate
