diagnosis;concept_id;concept_name
ABDOMINAL ABSCESS;4326255;Abdominal abscess
ABDOMINAL AORTIC ANEURYSM;198177;Abdominal aortic aneurysm
ABDOMINAL AORTIC ANEURYSM/SDA;198177;Abdominal aortic aneurysm
"ABDOMINAL AORTIC ANEURYSM;";198177;Abdominal aortic aneurysm
RUPTURED AAA;195559;Ruptured abdominal aortic aneurysm
ABDOMINAL DISTENSION;4218984;Abdominal distension
ABDOMINAL FISTULA;4055204;Abdominal wall fistula
ABDOMINAL MASS;192438;Abdominal mass
ABD PAIN;200219;Abdominal pain
ABDOMINAL PAIN;200219;Abdominal pain
ABDOMINAL PAIN.;200219;Abdominal pain
ABDOMINAL PAIN';200219;Abdominal pain
"ABDOMINAL PAIN;TELEMETRY";200219;Abdominal pain
ABNORMAL EEG;4168553;Electroencephalogram abnormal
ABSCESS;444202;Abscess
? ABSCESS;444202;Abscess
ACETABULAR FRACTURE;4086377;Acetabular fracture types
ACETAMINOPHEN OVERDOSE;4173525;Acetaminophen overdose
ACETAMINOPHEN  OVERDOSE;4173525;Acetaminophen overdose
TYLENOL OVERDOSE;4173525;Acetaminophen overdose
TYLENOL OD;4173525;Acetaminophen overdose
ACHALASIA;4174974;Achalasia
ACIDEMIA;4323825;Acidemia
ACIDOSIS;435517;Acidosis
ACUT CORONARY SYNDROME;4215140;Acute coronary syndrome
ACUTE;4156184;Acuteness
ACUTE SUBDURAL HEMATOMA;4318408;Subdural hematoma
ACUTE ABDOMEN;4241033;Acute abdomen
ACUTE ALLERGIC REACTION;4084167;Acute allergic reaction
ACUTE APPENDICITIS;4310400;Acute appendicitis
ACUTE CHOLANGITIS;4267297;Acute cholangitis
ACUTE CHOLECYSTITIS;198809;Acute cholecystitis
ACUTE CORONARY SYNDROM;4215140;Acute coronary syndrome
ACUTE CORONARY SYNDROME;4215140;Acute coronary syndrome
"ACUTE CORONARY SYNDROME;";4215140;Acute coronary syndrome
ACUTE CORONARY SYNDROMES;4215140;Acute coronary syndrome
ACUTE CORONARY SYNDROME\CATH;4215140;Acute coronary syndrome
ACUTE CORONARY SYNDROME\CATH;4223020;Cardiac catheterization
ACUTE CORONARY SYNDROME\CATH;45884380;Cardiac catheterization
ACUTE DISSEMINATED ENCEPHALOMYELITIS;374021;Acute disseminated encephalomyelitis
ACUTE EPIGLOTTITIS ;4105773;Acute epiglottitis
ACUTE EPIGLOTTITIS ;4141503;Acute epiglottitis
ACUTE HEPATIC FAILURE;4026032;Acute hepatic failure
ACUTE HEPATITIS;4243475;Acute hepatitis
ACUTE HEPATITIS;4026032;Acute hepatic failure
ACUTE HEPATITIS A;4098652;Acute type A viral hepatitis
ACUTE LEUKEMIA;138708;Acute leukemia
ACUTE MI;312327;Acute myocardial infarction
ACUTE MYOCARDIAL INFARCT;312327;Acute myocardial infarction
ACUTE MYOCARDIAL INFARCTION;312327;Acute myocardial infarction
"ACUTE MYOCARDIAL INFARCTION;";312327;Acute myocardial infarction
ACUTE MYOCARDIAL INFARCTION\CATH;312327;Acute myocardial infarction
ACUTE MYOCARDIAL INFARCTION\CATH;4223020;Cardiac catheterization
ACUTE MYOCARDIAL INFARCTION\CATH;45884380;Cardiac catheterization
ACUTE MYOCARDIAL INFARCTION\CARDIAC CATH;312327;Acute myocardial infarction
ACUTE MYOCARDIAL INFARCTION\CARDIAC CATH;4223020;Cardiac catheterization
ACUTE MYOCARDIAL INFARCTION\CARDIAC CATH;45884380;Cardiac catheterization
ACUTE PANCREATITIS;199074;Acute pancreatitis
ACUTE PARAPLEGIA;44784249;Acute paraplegia
ACUTE PULMONARY EDEMA;261600;Acute pulmonary edema
ACUTE PULMONARY EMBOLISM;45768439;Acute pulmonary embolism
ACUTE RENAL ;4126305;Acute renal impairment
ACUTE RENAL ;36716946;Acute renal insufficiency
ACUTE RESPIRATORY DISTRESS;4191650;Acute respiratory distress
ACUTE RESPIRATORY FAILURE;319049;Acute respiratory failure
ACUTE STROKE;36210384;Stroke
ACUTE STROKE;44807625;Acute stroke care
ACUTE STROKE;44807626;Management of acute stroke
ACUTE VIRAL HEPATITIS;4211974;Acute viral hepatitis
ADDISON'S;443394;Addison's disease
ADENOCARCINOMA;4262123;Adenocarcinoma
ADENOPATHY;315085;Lymphadenopathy
ADRENAL HEMORRHAGE;4173897;Adrenal hemorrhage
ADRENAL INSUFFICIENCY;193984;Adrenal hypofunction
A- FLUTTER;4065288;EKG: atrial flutter
A- FLUTTER;314665;Atrial flutter
A. FLUTTER;4065288;EKG: atrial flutter
A. FLUTTER;314665;Atrial flutter
AGITATION;46237198;Agitation
AGITATION;4187507;Psychomotor agitation
AIRWAY OBSTRUCTION;4197065;Respiratory obstruction
AIRWAY OBSTRUCTION/SDA;4197065;Respiratory obstruction
ALCOHOLIC CIRRHOSIS;196463;Alcoholic cirrhosis
ALCOHOLIC HEPATITIS;4340383;Alcoholic hepatitis
ALCOHOL INTOXICATION;4104431;Alcohol intoxication
ETOH INTOXICATION;4104431;Alcohol intoxication
ALCOHOL WITHDRAWAL;375519;Alcohol withdrawal syndrome
ETOH WITHDRAWAL;375519;Alcohol withdrawal syndrome
ETOH WITHDRAWL;375519;Alcohol withdrawal syndrome
ALLERGIC REACTION;40589905;Allergic reaction
CERVICAL SPINE FRACTURE;4129393;Fracture of cervical spine
C1 FRACTURE;4013612;Fracture of first cervical vertebra
HEPATOCELLULAR CARCINOMA/SDA;4001171;Liver cell carcinoma
ALLERGY;45884767;Allergy
ADULT RESPIRATORY DISTRESS SYNDROME;4195694;Acute respiratory distress syndrome
ARDS;4195694;Acute respiratory distress syndrome
ALTERED MENTAL STATUS;436222;Altered mental status
ALTERED MENTAL STATUS ;436222;Altered mental status
"ALTERED MENTAL STATUS;TELEMETRY";436222;Altered mental status
AMPUTATION;4217482;Amputation
ANAPHYLAXIS;441202;Anaphylaxis
ANASARCA;40483532;Anasarca
ANASARCA;4043107;Anasarca
ANEMIA;439777;Anemia
ANEURYSM;4332246;Aneurysm
ANEURYSM;4311963;Aneurysm
?ANEURYSM;4311963;Aneurysm
?ANEURYSM;4332246;Aneurysm
ANEURYSM/SDA;4332246;Aneurysm
UNSTABLE ANGINA\CATH;315296;Preinfarction syndrome
UNSTABLE ANGINA\CATH;4223020;Cardiac catheterization
UNSTABLE ANGINA\CATH;45884380;Cardiac catheterization
UNSTABLE ANGINA\LEFT HEART CATHETERIZATION;315296;Preinfarction syndrome
UNSTABLE ANGINA\LEFT HEART CATHETERIZATION;4223020;Cardiac catheterization
UNSTABLE ANGINA\LEFT HEART CATHETERIZATION;45884380;Cardiac catheterization
UNSTABLE ANGINA;315296;Preinfarction syndrome
"UNSTABLE ANGINA;TELEMETRY\CATH";315296;Preinfarction syndrome
"UNSTABLE ANGINA;TELEMETRY\CATH";4223020;Cardiac catheterization
"UNSTABLE ANGINA;TELEMETRY\CATH";45884380;Cardiac catheterization
UNSTABLE ANGINA\CARDIAC CATH;315296;Preinfarction syndrome
UNSTABLE ANGINA\CARDIAC CATH;4223020;Cardiac catheterization
UNSTABLE ANGINA\CARDIAC CATH;45884380;Cardiac catheterization
ANGINA\CATH;321318;Angina pectoris
ANGINA\CATH;4223020;Cardiac catheterization
ANGINA\CATH;45884380;Cardiac catheterization
"ANGINA;+ETT\CATH";321318;Angina pectoris
"ANGINA;+ETT\CATH";4223020;Cardiac catheterization
"ANGINA;+ETT\CATH";45884380;Cardiac catheterization
ANGINA;321318;Angina pectoris
ANGIOEDEMA;432791;Angioedema
ANOREXIA;442165;Loss of appetite
ANOXIC ENCEPHALOPATHY;377845;Anoxic encephalopathy
ANTERIOR CORD SYNDROME;4151990;Anterior cord syndrome
ANTICOAGULATION;4124758;Use of anticoagulation
ANXIETY;441542;Anxiety
AORTIC ANEURYSM;317585;Aortic aneurysm
AORTIC DISSECT;4199413;Proximal aortic dissection
AORTIC DISSECT;4121632;Distal aortic dissection
AORTIC DISECTION;4199413;Proximal aortic dissection
AORTIC DISECTION;4121632;Distal aortic dissection
? AORTIC DISSECTION;4121632;Distal aortic dissection
? AORTIC DISSECTION;4199413;Proximal aortic dissection
?AORTIC DISSECTION;4199413;Proximal aortic dissection
?AORTIC DISSECTION;4121632;Distal aortic dissection
AORTIC DISSECTION;4121632;Distal aortic dissection
AORTIC DISSECTION;4199413;Proximal aortic dissection
AORTIC DISSECTION ;4121632;Distal aortic dissection
AORTIC DISSECTION ;4199413;Proximal aortic dissection
AORTIC DISSECTION\AORTIC DISSECTION;4121632;Distal aortic dissection
AORTIC DISSECTION\AORTIC DISSECTION;4199413;Proximal aortic dissection
AORTIC OCCLUSION;4153351;Terminal aortic occlusion
AORTIC REGURGITATION;315564;Aortic valve regurgitation
AORTIC RUPTURE;4341929;Aortic Rupture
AORTIC STENOSIS;4189343;Aortic valve stenosis
AORTIC STENOSIS\T;4189343;Aortic valve stenosis
AORTIC STENOSIS\CATH;4189343;Aortic valve stenosis
AORTIC STENOSIS\CATH;4223020;Cardiac catheterization
AORTIC STENOSIS\CATH;45884380;Cardiac catheterization
AORTIC STENOSIS\AORTIC VALVE REPLACEMENT /SDA;4189343;Aortic valve stenosis
AORTIC STENOSIS\AORTIC VALVE REPLACEMENT /SDA;4095407;Replacement of aortic valve
AORTIC STENOSIS\AORTIC VALVE REPLACEMENT;4189343;Aortic valve stenosis
AORTIC STENOSIS\AORTIC VALVE REPLACEMENT;4095407;Replacement of aortic valve
AORTIC STENOSIS\AORTIC VALVE REPLACEMENT ;4189343;Aortic valve stenosis
AORTIC STENOSIS\AORTIC VALVE REPLACEMENT ;4095407;Replacement of aortic valve
AORTIC STENOSIS\CORONARY ARTERY BYPASS GRAFT WITH AVR /SDA;4189343;Aortic valve stenosis
AORTIC STENOSIS\CORONARY ARTERY BYPASS GRAFT WITH AVR /SDA;4095407;Replacement of aortic valve
AORTIC STENOSIS\CORONARY ARTERY BYPASS GRAFT WITH AVR /SDA;4336464;Coronary artery bypass graft
"AORTIC STENOSIS;CORONARY ARTERY DISEASE";4189343;Aortic valve stenosis
"AORTIC STENOSIS;CORONARY ARTERY DISEASE";317576;Coronary arteriosclerosis
AORTIC VALVE;4116635;Aortic valve finding
AORTIC VALVE VEGETATION;4103319;Aortic valve vegetations
APHASIA;440424;Aphasia
MOTOR VEHICLE ACCIDENT\INJURIES;443539;Motor vehicle injury
STATUS POST MOTOR VEHICLE ACCIDENT WITH INJURIES;443539;Motor vehicle injury
MOTOR VEHICLE ACCIDENT WITH UNSPECIFIED INJURIES;443539;Motor vehicle injury
APLASTIC ANEMIA;137829;Aplastic anemia
APNEA;321689;Apnea
APPENDICITIS;440448;Appendicitis
ARACHNOIDITIS;4218912;Arachnoiditis
ARREST;321042;Cardiac arrest
ARRHYTHMIA;44784217;Cardiac arrhythmia
ARTERIAL INSUFFICIENCY;4109870;Arterial insufficiency
ARTERIAL OCCLUSION;4162038;Occlusion of artery
ARTERIAL THROMBOSIS;4278217;Arterial thrombosis
ARTERIOVENOUS FISTULA;4234480;Arteriovenous fistula
ARTERIOVENOUS FISTULA;4029967;Arteriovenous fistula
ASCENDING CHOLANGITIS;4098128;Ascending cholangitis
ASCITES;200528;Ascites
ASPIRATION;4033232;Aspiration
ASPIRATION PNEUMONIA;4309106;Aspiration pneumonia
ASPIRIN DESENSITIZATION;4348303;Aspirin desensitization therapy
ASPIRIN OVERDOSE;4170675;Aspirin overdose
S/P ASSAULT;439237;Assault
ASSAULT;439237;Assault
ASTHMA;317009;Asthma
CHRONIC OBST PULM DISEASE;255573;Chronic obstructive lung disease
"ASTHMA;CHRONIC OBST PULM DISEASE";317009;Asthma
"ASTHMA;CHRONIC OBST PULM DISEASE";255573;Chronic obstructive lung disease
CHRONIC OBSTRUCTIVE PULMONARY DISEASE;255573;Chronic obstructive lung disease
"ASTHMA;COPD EXACERBATION";257581;Exacerbation of asthma
"ASTHMA;COPD EXACERBATION";257004;Acute exacerbation of chronic obstructive airways disease
ASTHMA/COPD EXACERBATION;257581;Exacerbation of asthma
ASTHMA/COPD EXACERBATION;257004;Acute exacerbation of chronic obstructive airways disease
ASTHMA,COPD EXACERBATION;257581;Exacerbation of asthma
ASTHMA,COPD EXACERBATION;257004;Acute exacerbation of chronic obstructive airways disease
ASTHMA-COPD EXACERBATION;257581;Exacerbation of asthma
ASTHMA-COPD EXACERBATION;257004;Acute exacerbation of chronic obstructive airways disease
ASTHMA EXACERBATION;257581;Exacerbation of asthma
COPD EXACERBATION;257004;Acute exacerbation of chronic obstructive airways disease
COPD FLARE;257004;Acute exacerbation of chronic obstructive airways disease
ASYSTOLE;4216773;Asystole
ASYSTOLE;4146418;EKG: asystole
ATAXIA;437584;Ataxia
DRUG REFRACTORY ATRIAL FIBRILLATION\PULMONARY VEIN ISOLATION  **REMOTE WEST**/SDA;313217;Atrial fibrillation
ATRIAL FIBRILATION;313217;Atrial fibrillation
ATRIAL FIBRILATION;4064452;ECG: atrial fibrillation
ATRIAL FIBRILLATION;313217;Atrial fibrillation
ATRIAL FIBRILLATION;4064452;ECG: atrial fibrillation
ATRIAL FLUTTER;314665;Atrial flutter
ATRIAL FLUTTER;4065288;EKG: atrial flutter
ATRIAL MYXOMA;4124689;Atrial myxoma
ATRIAL SEPTAL DEFECT;4289309;Atrial septal defect
ATRIAL TACHYCARDIA;4171269;Atrial tachycardia
ATRIAL TACHYCARDIA;37017190;EKG: atrial tachycardia
AUTONOMIC DYSFUNCTION;434633;Disorder of autonomic nervous system
FAILURE TO THRIVE;437986;Failure to thrive
AVR;4095407;Replacement of aortic valve
BLUNT TRAUMA;4243015;Blunt injury
BLUNT TRAUMA;4314728;Blunt injury
BABESIOSIS;439730;Babesiosis
? BABESIOSIS;439730;Babesiosis
BACK INFECTION;4058062;Abrasion of back, infected
BACK INJURY;4230268;Injury of back
BACK PAIN;36210275;Pain syndromes- back pain
BACTEREMIA;132736;Bacteremia
BACTERIAL ENDOCARDITIS;4116649;Bacterial endocarditis
BACTERIAL MENINGITIS;436091;Bacterial meningitis
BACTERIAL,MENINGITIS;436091;Bacterial meningitis
BACTERIAL PERITONITIS;4026017;Bacterial peritonitis
BACTERIAL PERITONITIS;4137452;Acute bacterial peritonitis
BASAL GANGLIA HEMORRHAGE;4112018;Basal ganglia hemorrhage
BASILAR ARTERY STENOSIS;442263;Basilar artery stenosis
BENZODIAZEPINE OVERDOSE;4174627;Benzodiazepine overdose
BICYCLE ACCIDENT;4304929;Bicycle accident
BILATERAL PLEURAL EFFUSION;4140910;Bilateral pleural effusion
BILATERAL PNEUMONIA;4236311;Bilateral pneumonia
BILIARY COLIC;4291807;Biliary colic
BILIARY OBSTRUCTION;201066;Obstruction of bile duct
BILIARY SEPSIS;44805136;Biliary sepsis
BILIARY STRICTURE;4342779;Biliary stricture
BLADDER CANCER/SDA;200680;Neoplasm of bladder
BLADDER CANCER;200680;Neoplasm of bladder
BLADDER CA/SDA;200680;Neoplasm of bladder
BLADDER PERFORATION;4134928;Perforation of bladder
BLADDER RUPTURE;4092632;Rupture of bladder
BLAST CRISIS;4081695;Blast crisis
BLEED;437312;Bleeding
BLEEDING;437312;Bleeding
BLEEDING GUMS;4311406;Bleeding gums
BLEEDING,INTERNAL;437312;Bleeding
BO;193518;Intestinal obstruction
? BOWEL OBSTRUCTION;193518;Intestinal obstruction
BOWEL OBSTRUCTION;193518;Intestinal obstruction
BRADYARRHYTHMIA;4228448;Bradyarrhythmia
BRADYCARDIA;4169095;Bradycardia
BRAIN ABSCESS;40480849;Abscess of brain
BRAIN CYST;46273457;Brain cyst fluid sample
BRAINSTEM STROKE;4111710;Brainstem stroke syndrome
? BRAIN TUMOR;4116092;Intracranial tumor
BRAIN TUMOR;4116092;Intracranial tumor
BRAIN TUMOR/SDA;4116092;Intracranial tumor
BRAIN MASS/SDA;4173938;Mass lesion of brain
BREAST CANCER;1567537;Malignant neoplasm of breast
BREAST CANCER/SDA;1567537;Malignant neoplasm of breast
RIGHT BREAST CANCER/SDA;1567537;Malignant neoplasm of breast
RIGHT BREAST CANCER/SDA;45881626;Right
BRONCHIAL FISTULA;4119938;Bronchial fistula
BRONCHIAL STENOSIS;4196476;Stenosis of bronchus
BRONCHIECTASIS;256449;Bronchiectasis
BRONCHITIS;256451;Bronchitis
COLON CA/SDA;4180790;Malignant tumor of colon
COLON CANCER/SDA;4180790;Malignant tumor of colon
? BRONCHOPLEURAL FISTULA;4119939;Bronchopleural fistula
BRONCHOPLEURAL FISTULA;4119939;Bronchopleural fistula
BRONCHOSPASM;256717;Bronchospasm
BURKITTS LYMPHOMA;4300163;Burkitt lymphoma
CA;4336464;Coronary artery bypass graft
CABG;4336464;Coronary artery bypass graft
? CABGE;4189169;Emergency CABG
CANCER;45877275;Cancer
CARCINOID CRISIS;4035136;Carcinoid crisis
CARDIAC;36210277;Cardiac
SKULL FRACTURE;4324690;Fracture of skull
S/P ARREST;321042;Cardiac arrest
S/P CARDIAC ARREST;321042;Cardiac arrest
CARDIAC ARREST;321042;Cardiac arrest
CARDIAC  ARREST;321042;Cardiac arrest
CARDIAC ARREST ;321042;Cardiac arrest
CARDIAC TAMPONADE;318450;Cardiac tamponade
CARDIOGENIC SHOCK;198571;Cardiogenic shock
CARDIOMYOPATHY;321319;Cardiomyopathy
? CARDIOMYOPATHY;321319;Cardiomyopathy
CATATONIA;4085823;Catatonia
CAUDA EQUINA;4102342;Cauda equina syndrome
CECAL VOLVULUS;4340928;Cecal volvulus
CELLULITIS;435613;Cellulitis
CELLULITIS;4299470;Cellulitis
CENTRAL CORD SYNDROME;4151209;Central cord syndrome
CEREBELLAR HEMATOMA;4201094;Cerebellar hematoma
CEREBELLAR BLEED;4201094;Cerebellar hematoma
CEREBELLAR BLEED;4326561;Cerebellar hemorrhage
CEREBELLAR HEMORRHAGE;4326561;Cerebellar hemorrhage
CEREBELLAR INFARCT;4319331;Cerebellar infarction
CEREBELLAR INFARCTION;4319331;Cerebellar infarction
CEREBELLAR STROKE;36716999;Cerebellar stroke
CEREBELLAR STROKE;4111711;Cerebellar stroke syndrome
BRAIN ANEURYSM/SDA;4029497;Cerebral arterial aneurysm
CEREBRAL ANEURYSM;4029497;Cerebral arterial aneurysm
CEREBRAL  ANEURYSM;4029497;Cerebral arterial aneurysm
CEREBRAL ANEURYSM/SDA;4029497;Cerebral arterial aneurysm
CEREBRAL CONTUSION;4094847;Contusion of cerebrum
CEREBRAL EDEMA;376690;Cerebral edema
CEREBRAL HEMORRHAGE;376713;Cerebral hemorrhage
CEREBRAL INFARCT;443454;Cerebral infarction
CEREBRAL INFARCTION;443454;Cerebral infarction
CEREBROVASCULAR ACCIDENT;381316;Cerebrovascular accident
"CEREBROVASCULAR ACCIDENT;TELEMETRY";381316;Cerebrovascular accident
CVA;381316;Cerebrovascular accident
CERVICAL CANCER;198984;Malignant tumor of cervix
CERVICAL LYMPHADENOPATHY;4133459;Cervical lymphadenopathy
CERVICAL MYELOPATHY;4068608;Cervical myelopathy
CERVICAL RADICULOPATHY;137548;Cervical radiculopathy
CERVICAL SPINE INSTABILITY;4002142;Cervical spine instability
CERVICAL SPONDYLOSIS;4308802;Cervical spondylosis
CERVICAL TRACTION;4039400;Cervical traction
CHEMOTHERAPY;4273629;Chemotherapy
CHEST;45881107;Chest
CHEST DISCOMFORT;4133044;Chest discomfort
CHEST PAIN/CATH;77670;Chest pain
"CHEST PAIN;CORONARY ARTERY DISEASE\CATH";77670;Chest pain
"CHEST PAIN;CORONARY ARTERY DISEASE\CATH";317576;Coronary arteriosclerosis
"CHEST PAIN;CORONARY ARTERY DISEASE\CATH";4223020;Cardiac catheterization
"CHEST PAIN;CORONARY ARTERY DISEASE\CATH";45884380;Cardiac catheterization
"CORONARY ARTERY DISEASE\CORONARY ARTERY BYPASS GRAFT;AORTIC VALVE REPLACEMENT/SDA";317576;Coronary arteriosclerosis
"CORONARY ARTERY DISEASE\CORONARY ARTERY BYPASS GRAFT;AORTIC VALVE REPLACEMENT/SDA";4336464;Coronary artery bypass graft
"CORONARY ARTERY DISEASE\CORONARY ARTERY BYPASS GRAFT;AORTIC VALVE REPLACEMENT/SDA";4095407;Replacement of aortic valve
"CHEST PAIN;+ETT\CATH";77670;Chest pain
"CHEST PAIN;+ETT\CATH";4223020;Cardiac catheterization
"CHEST PAIN;+ETT\CATH";45884380;Cardiac catheterization
CHEST PAIN\LEFT HEART CATHETERIZATION;77670;Chest pain
CHEST PAIN\LEFT HEART CATHETERIZATION;4223020;Cardiac catheterization
CHEST PAIN\LEFT HEART CATHETERIZATION;45884380;Cardiac catheterization
CLOSED HEAD INJURY;42873007;Closed injury of head
NECK MASS;4100606;Mass of neck
 CHEST PAIN;77670;Chest pain
CHEST PAIN;77670;Chest pain
CHEST PAIN ;77670;Chest pain
CHEST PAIN\T;77670;Chest pain
CHEST PAIN\CATH;77670;Chest pain
CHEST PAIN\CATH;4223020;Cardiac catheterization
CHEST PAIN\CATH;45884380;Cardiac catheterization
CHEST PAIN\CARDIAC CATH;77670;Chest pain
CHEST PAIN\CARDIAC CATH;4223020;Cardiac catheterization
CHEST PAIN\CARDIAC CATH;45884380;Cardiac catheterization
"CHEST PAIN;TELEMETRY";77670;Chest pain
CHEST WALL PAIN;4010016;Chest wall pain
CHOKING;4096712;Choking
CHOLANGIOCARCINOMA;4321680;Cholangiocarcinoma
CHOLANGITIS;195856;Cholangitis
? CHOLANGITIS;195856;Cholangitis
CHOLECYSTITIS;192956;Cholecystitis
CHOLELITHIASIS;443792;Calculus of bile duct
CHOLEDOCHOLITHIASIS;4230969;Calculus of common bile duct with acute cholecystitis
CHORDAE RUPTURE;438171;Rupture of chordae tendineae
CHRONIC BACK PAIN;4046660;Chronic back pain
CHRONIC CHOLECYSTITIS;200765;Chronic cholecystitis
CHRONIC LYMPHOCYTIC LEUKEMIA;4180093;Chronic lymphocytic leukemia
CHRONIC OSTEOMYELITIS;134735;Chronic osteomyelitis
CHRONIC PANCREATITIS;195596;Chronic pancreatitis
CHRONIC PROSTATITIS;200445;Chronic prostatitis
CHYLOTHORAX;4306136;Chylothorax
CIRRHOSIS;45878255;Cirrhosis
CITALOPRAM OVERDOSE;4174484;Citalopram overdose
CLAUDICATION;4076795;Claudication
CLAUDICATION/SDA;4076795;Claudication
CLONIDINE OVERDOSE;4178985;Clonidine overdose
CLONUS;4270553;Clonus
CLOSTRIDIUM DIFFICILE;4244400;Clostridium difficile
CLOSTRIDIUM DIFFICILE COLITIS;4307981;Clostridium difficile colitis
CLOT;4084770;Clotted
COCAINE INTOXICATION;4101256;Cocaine intoxication
COCAINE OVERDOSE;4171797;Overdose of cocaine
COILING;4167700;Vascular coiling
COLD FOOT;4202791;Cold foot
COLITIS;4272488;Colitis
COLOCUTANEOUS FISTULA;4340810;External large bowel fistula
COLONIC PERFORATION;4177183;Perforation of colon
COLON POLYP;285898;Polyp of colon
COMPARTMENT SYNDROME;134734;Compartment syndrome
COMPRESSION FRACTURE;40481450;Compression fracture
COMPRESSION FRACTURE;4071579;Compression fracture
CONCUSSION;45773061;Concussive injury
CONFUSION;45881443;Confusion
CONGESTIVE;4312098;Congestion
CHF EXACERBATION;43022068;Exacerbation of congestive heart failure
CONGESTIVE HEART FAILURE EXACERBATION;43022068;Exacerbation of congestive heart failure
CONGESTIVE HEART FAILURE\Transcatheter Aortic Valve Implant (TAVI) with Pump Stand-by (CoreValve) ;43022068;Exacerbation of congestive heart failure
CONGESTIVE HEART FAILURE\Transcatheter Aortic Valve Implant (TAVI) with Pump Stand-by (CoreValve) ;4223020;Cardiac catheterization
CONGESTIVE HEART FAILURE\Transcatheter Aortic Valve Implant (TAVI) with Pump Stand-by (CoreValve) ;45884380;Cardiac catheterization
CONGESTIVE HEART FAILURE;319835;Congestive heart failure
CONGESTIVE HEART FAILURE ;319835;Congestive heart failure
"CONGESTIVE HEART FAILURE;";319835;Congestive heart failure
CONGESTIVE HEART FAILURE\CATH;319835;Congestive heart failure
CONGESTIVE HEART FAILURE\CATH;4223020;Cardiac catheterization
CONGESTIVE HEART FAILURE\CATH;45884380;Cardiac catheterization
"CONGESTIVE HEART FAILURE;TELEMETRY";319835;Congestive heart failure
"CONGESTIVE HEART FAILURE;PNEUMONIA";319835;Congestive heart failure
"CONGESTIVE HEART FAILURE;PNEUMONIA";255848;Pneumonia
"PNEUMONIA;CONGESTIVE HEART FAILURE";319835;Congestive heart failure
"PNEUMONIA;CONGESTIVE HEART FAILURE";255848;Pneumonia
"CONGESTIVE HEART FAILURE;HYPOTENSION";319835;Congestive heart failure
"CONGESTIVE HEART FAILURE;HYPOTENSION";4285144;Hypotensive episode
"CONGESTIVE HEART FAILURE;HYPOTENSION";317002;Low blood pressure
"CONGESTIVE HEART FAILURE;AORTIC STENOSIS";319835;Congestive heart failure
"CONGESTIVE HEART FAILURE;AORTIC STENOSIS";4189343;Aortic valve stenosis
CONSTIPATION;75860;Constipation
COPD;45877605;COPD
? CORD COMPRESSION;4322945;Spinal cord compression
CORD COMPRESSION;4322945;Spinal cord compression
CORD COMPRESSION ;4322945;Spinal cord compression
THORACIC ANEURYSM/SDA;443622;Aneurysm of thoracic aorta
RETROPERITONEAL BLEED;4318539;Retroperitoneal hemorrhage
CORD INJURY;4235863;Spinal cord injury
(AML) ACUTE MYELOGENOUS LEUKEMIA;140352;Acute myeloid leukemia, disease
CORNEAL ULCER;373202;Corneal ulcer
NON Q MI\CATH;4200113;Non-Q wave myocardial infarction
NON Q MI\CATH;4223020;Cardiac catheterization
NON Q MI\CATH;45884380;Cardiac catheterization
CAD;317576;Coronary arteriosclerosis
"CORONARY ARTERY DISEASE;TELEMETRY";317576;Coronary arteriosclerosis
"CORONARY ARTERY DISEASE;+ETT\CATH";317576;Coronary arteriosclerosis
"CORONARY ARTERY DISEASE;+ETT\CATH";4223020;Cardiac catheterization
"CORONARY ARTERY DISEASE;+ETT\CATH";45884380;Cardiac catheterization
CORONARY ARTERY DISEASE/SDA;317576;Coronary arteriosclerosis
CORONARY ARTERY DISEASE;317576;Coronary arteriosclerosis
CORONARY ARTERY DISEASE\LEFT HEART CATHETERIZATION;317576;Coronary arteriosclerosis
CORONARY ARTERY DISEASE\LEFT HEART CATHETERIZATION;4223020;Cardiac catheterization
CORONARY ARTERY DISEASE\LEFT HEART CATHETERIZATION;45884380;Cardiac catheterization
CORONARY ARTERY DISEASE\LEFT HEART CATH;317576;Coronary arteriosclerosis
CORONARY ARTERY DISEASE\LEFT HEART CATH;4223020;Cardiac catheterization
CORONARY ARTERY DISEASE\LEFT HEART CATH;45884380;Cardiac catheterization
"CORONARY ARTERY DISEASE;AORTIC STENOSIS";317576;Coronary arteriosclerosis
"CORONARY ARTERY DISEASE;AORTIC STENOSIS";4189343;Aortic valve stenosis
CORONARY ARTERY DISEASE\ANGIOPLASTY;317576;Coronary arteriosclerosis
CORONARY ARTERY DISEASE\ANGIOPLASTY;4302652;Angioplasty of blood vessel
CORONARY ARTERY DISEASE\CATH;317576;Coronary arteriosclerosis
CORONARY ARTERY DISEASE\CATH;4223020;Cardiac catheterization
CORONARY ARTERY DISEASE\CATH;45884380;Cardiac catheterization
CORONARY ARTERY DISEASE\CARDIAC CATH;317576;Coronary arteriosclerosis
CORONARY ARTERY DISEASE\CARDIAC CATH;4223020;Cardiac catheterization
CORONARY ARTERY DISEASE\CARDIAC CATH;45884380;Cardiac catheterization
CORONARY ARTERY DISEASE\CORONARY ARTERY BYPASS GRAFT ;317576;Coronary arteriosclerosis
CORONARY ARTERY DISEASE\CORONARY ARTERY BYPASS GRAFT ;4336464;Coronary artery bypass graft
CORONARY ARTERY DISEASE\CORONARY ARTERY BYPASS GRAFT;317576;Coronary arteriosclerosis
CORONARY ARTERY DISEASE\CORONARY ARTERY BYPASS GRAFT;4336464;Coronary artery bypass graft
CORONARY ARTERY DISEASE\CORONARY ARTERY BYPASS GRAFT /SDA;317576;Coronary arteriosclerosis
CORONARY ARTERY DISEASE\CORONARY ARTERY BYPASS GRAFT /SDA;4336464;Coronary artery bypass graft
CORONARY ARTERY DISEASE\CORONARY ARTERY BYPASS GRAFT/SDA;317576;Coronary arteriosclerosis
CORONARY ARTERY DISEASE\CORONARY ARTERY BYPASS GRAFT/SDA;4336464;Coronary artery bypass graft
CORONARY ARTERY DISEASE\CORONARY ARTERY BYPASS GRAFT WITH AVR /SDA;317576;Coronary arteriosclerosis
CORONARY ARTERY DISEASE\CORONARY ARTERY BYPASS GRAFT WITH AVR /SDA;4336464;Coronary artery bypass graft
CORONARY ARTERY DISEASE\CORONARY ARTERY BYPASS GRAFT WITH AVR /SDA;4095407;Replacement of aortic valve
"CORONARY ARTERY DISEASE\CORONARY ARTERY BYPASS GRAFT; WITH AVR/SDA";317576;Coronary arteriosclerosis
"CORONARY ARTERY DISEASE\CORONARY ARTERY BYPASS GRAFT; WITH AVR/SDA";4336464;Coronary artery bypass graft
"CORONARY ARTERY DISEASE\CORONARY ARTERY BYPASS GRAFT; WITH AVR/SDA";4095407;Replacement of aortic valve
CORONARY ARTERY DISEASE\CORONARY ARTERY BYPASS GRAFT WITH MVR /SDA;4336464;Coronary artery bypass graft
CORONARY ARTERY DISEASE\CORONARY ARTERY BYPASS GRAFT WITH MVR /SDA;4095407;Replacement of aortic valve
CORONARY ARTERY DISEASE\CORONARY ARTERY BYPASS GRAFT WITH MVR /SDA;4203153;Replacement of mitral valve
COUGH;4122567;Does cough
COUGH;254761;Cough
COUGH;4137801;Coughing
CROHN'S DISEASE;201606;Crohn's disease
CROHN'S DISEASE/SDA;201606;Crohn's disease
CRUSH INJURY;437428;Crushing injury
CRUSH INJURY;4060415;Crushing injury
CRYPTOGENIC CIRRHOSIS;4232955;Cryptogenic cirrhosis
CYST IN BRAIN;46273457;Brain cyst fluid sample
DAH;4301606;Pulmonary hemorrhage
DECOMPENSATED CIRRHOSIS;37396401;Decompensated cirrhosis of liver
DECOMPENSATED LIVER DISEASE;37017386;Decompensated liver disease
DECOMPRESSION LAMINECTOMY;4108768;Decompression laminectomy
DEGLOVING INJURY;4220136;Degloving injury
DEGLOVING INJURY;4095264;Degloving injury
DEHISCENCE OF WOUND;439981;Wound dehiscence
DEHISCENCE OF WOUND;4253777;Wound dehiscence
DEHYDRATION;435796;Dehydration
"DEHYDRATION;FEVER";435796;Dehydration
"DEHYDRATION;FEVER";45878866;Fever
"DEHYDRATION;FEVER";437663;Fever
"FEVER;HYPOTENSION";45878866;Fever
"FEVER;HYPOTENSION";437663;Fever
"FEVER;HYPOTENSION";4285144;Hypotensive episode
"FEVER;HYPOTENSION";317002;Low blood pressure
"HYPOTENSION;TELEMETRY";4285144;Hypotensive episode
"HYPOTENSION;TELEMETRY";317002;Low blood pressure
DELIRIUM;373995;Delirium
DEPRESSION;45878997;Depression
DERMOID CYST;40287650;Dermoid cyst
DESENSITIZATION;4195036;Desensitization - action
DESENSITIZATION;4279532;Desensitization therapy
DIABETES;45879799;Diabetes
DIABETES KETOACIDOSIS;443727;Diabetic ketoacidosis
"DIABETES;KETOACIDOSIS";443727;Diabetic ketoacidosis
DIABETES MELLITUS;201820;Diabetes mellitus
DIABETIC FOOT;4087682;Diabetic foot
DIABETIC FOOT ULCER;4159742;Diabetic foot ulcer
DKA;443727;Diabetic ketoacidosis
"DIABETIC KETOACIDOSIS;TELEMETRY";443727;Diabetic ketoacidosis
?DIABETIC KETOACIDOSIS;443727;Diabetic ketoacidosis
DIABETIC KETOACIDOSIS;443727;Diabetic ketoacidosis
"DIABETIC KETOACIDOSIS;";443727;Diabetic ketoacidosis
DIABETIC KETOACIDOSIS.;443727;Diabetic ketoacidosis
DIAPHRAGMATIC HERNIA;201061;Diaphragmatic hernia
DIARRHEA;196523;Diarrhea
DIASTOLIC HEART FAILURE;443587;Diastolic heart failure
DILATED AORTIC ROOT;4108608;Aortic root dilatation
DILATED CARDIOMYOPATHY;4163710;Dilated cardiomyopathy
DIPLOPIA;373474;Diplopia
DISCITIS;4046205;Discitis
DISSECTING ANEURYSM;4097844;Dissecting aneurysm
DISSECTION;4327060;Dissecting
DISSECTION AORTIC;4121632;Distal aortic dissection
DISSECTION AORTIC;4199413;Proximal aortic dissection
DISSEMINATED INTRAVASCULAR COAGULATION;436093;Disseminated intravascular coagulation
DIVERTICULITIS;4109737;Diverticulitis
DIVERTICULITIS;4141224;Diverticulitis
DIVERTICULITIS/SDA;4109737;Diverticulitis
DIVERTICULITIS/SDA;4141224;Diverticulitis
DIZZINESS;4223938;Dizziness
DOG BITE;4053045;Dog bite
DOG BITE;433116;Dog bite
DOG BITES;4053045;Dog bite
DOG BITES;433116;Dog bite
DRUG OVERDOSE;4208104;Drug overdose
DRUG REACTION;4131020;Drug reaction
DRY GANGRENE;4281837;Dry gangrene
DUODENAL OBSTRUCTION;434085;Obstruction of duodenum
DUODENAL PERFORATION;4156639;Duodenal perforation
DUODENAL ULCER;4198381;Duodenal ulcer disease
DUODENITIS;433516;Duodenitis
DVT;4133004;Deep venous thrombosis
DEEP VEIN THROMBOSIS;4133004;Deep venous thrombosis
DYSPHAGIA;31317;Dysphagia
DYSPHASIA;441594;Dysphasia
DYSPNEA;21498684;Dyspnea
DYSPNEA;312437;Dyspnea
"DYSPNEA;TELEMETRY";312437;Dyspnea
"SHORTNESS OF BREATH;TELEMETRY";312437;Dyspnea
SOB;312437;Dyspnea
ECTOPIC PREGNANCY;437611;Ectopic pregnancy
EDEMA;4173768;Edema
EDEMA;4196943;Edema
EDEMA;433595;Edema
ELBOW FRACTURE;4205238;Elbow fracture
ELECTROCUTION;439454;Self-electrocution
ELECTROLYTE ABNORMALITIES;4043087;Electrolytes abnormal
ELECTROLYTE IMBALANCE;4022093;Electrolyte imbalance
ELEVATED BLOOD PRESSURE;4086587;Elevated blood pressure
EMPHYSEMA;4169883;Emphysema
EMPHYSEMATOUS PYELITIS;4125953;Emphysematous pyelitis
EMPYEMA;4280377;Empyema
EMPYEMA;4209859;Empyema
ENCEPHALITIS;378143;Encephalitis
ENCEPHALOPATHY;372887;Disorder of brain
ENDOCARDITIS;441589;Endocarditis
? ENDOCARDITIS;441589;Endocarditis
END STAGE RENAL DISEASE;193782;End stage renal disease
ENDOMETRIAL CANCER;4303970;Endometrial intraepithelial neoplasia
ENDOMETRITIS;4302765;Endometritis
ENDOSCOPIC RETROGRADE CHOLANGIOPANCREATOGRAPHY;4304943;Endoscopic retrograde cholangiopancreatography
ENDOSCOPY;4313889;Endoscopy
ENTEROCUTANEOUS FISTULA;4055202;Enterocutaneous fistula
EPIDURAL;45880018;Epidural
EPIDURAL ABSCESS;4268039;Epidural abscess
EPIDURAL HEMATOMA;45766652;Spinal epidural hematoma
EPIDURAL HEMORRHAGE;4306943;Epidural hemorrhage
EPIGASTRIC PAIN;197381;Epigastric pain
EPIGLOTTIS;4214374;Epiglottitis
EPIGLOTTITIS;4214374;Epiglottitis
EPILEPSY/SDA;380378;Epilepsy
EPILEPSY;380378;Epilepsy
EPISTAXIS;318556;Epistaxis
ESOPHAGEAL;4181343;Malignant tumor of esophagus
ESOPHAGEAL CA/SDA;4181343;Malignant tumor of esophagus
ESOPHAGEAL CANCER/SDA;4181343;Malignant tumor of esophagus
ESOPHAGEAL BLEED;23245;Esophageal bleeding
ESOPHAGEAL DIVERTICULUM;4187895;Esophageal diverticulum
ESOPHAGEAL STRICTURE;4268622;Stricture of esophagus
ESOPHAGEAL VARICES;24966;Esophageal varices
ESOPHAGITIS;30753;Esophagitis
EVACUATION OF HEMATOMA;4042179;Evacuation of hematoma
EXPLORATORY LAPAROTOMY;4253523;Exploratory laparotomy
MORBID OBESITY/SDA;434005;Morbid obesity
EXPOSURE;4096560;Exposure to
MENTAL STATUS CHANGE;436222;Altered mental status
MENTAL STATUS CHANGE;45883054;Altered mental status
MENTAL STATUS CHANGES;436222;Altered mental status
MENTAL STATUS CHANGES;45883054;Altered mental status
CHANGE IN MENTAL STATUS;436222;Altered mental status
CHANGE IN MENTAL STATUS;45883054;Altered mental status
FACIAL LACERATION;4156265;Facial laceration
FACIAL SWELLING;4133326;Facial swelling
FALL;436583;Fall
S/P FALL;436583;Fall
"S/P FALL;TELEMETRY";436583;Fall
FALLS;4059015;Falls
FEBRILE NEUTROPENIA;4250734;Febrile neutropenia
NEUTROPENIC FEVER;4250734;Febrile neutropenia
FEMORAL ARTERY THROMBOSIS;4178609;Femoral artery thrombosis
FEMUR;4323581;Bone structure of femur
FEMURE FRACTURE;442560;Fracture of femur
FEMUR FRACTURE;442560;Fracture of femur
FEMUR FRACTURES;442560;Fracture of femur
FEVER OF UNKNOWN ORIGIN;4328373;Pyrexia of unknown origin
FEVER,ETIOLOGY UNKNOWN;4328373;Pyrexia of unknown origin
FEVER;437663;Fever
FEVER ;437663;Fever
FEVER,DEHYDRATION;435796;Dehydration
FEVER,DEHYDRATION;45878866;Fever
FEVER,DEHYDRATION;437663;Fever
"FEVER;DEHYDRATION";435796;Dehydration
"FEVER;DEHYDRATION";45878866;Fever
"FEVER;DEHYDRATION";437663;Fever
FEVERE;437663;Fever
FEVERE;45878866;Fever
"FEVER;? ENDOCARDITIS";441589;Endocarditis
"FEVER;? ENDOCARDITIS";45878868;Endocarditis
"FEVER;? ENDOCARDITIS";437663;Fever
"FEVER;? ENDOCARDITIS";45878866;Fever
FEVERS;437663;Fever
FEVERS;45878866;Fever
FIBROIDS;197236;Uterine leiomyoma
FINGER AMPUTATION;4184877;Amputated finger
FINGER AMPUTATIONS;4184877;Amputated finger
FISTULA;4043006;Fistula
FISTULA;4324769;Fistula
FISTULA INFECTION;4120944;Arteriovenous fistula infection
FLAIL CHEST;434769;Flail chest
FLANK PAIN;4090433;Flank pain
FLUID COLLECTION;44806486;Collection of fluid
FLUID OVERLOAD;434004;Hypervolemia
FOOD IMPACTION;4195432;Gingival food impaction
FOOT INFECTION;4102735;Infection of foot
FOOT PAIN;4169905;Foot pain
FOOT ULCER;74719;Ulcer of foot
FOREIGN BODY;4053838;Foreign body
FOREIGN BODY;4078373;Foreign body
FOUND DOWN;436583;Fall
FRACTURE;4217808;Fracture
FRACTURES;4217808;Fracture
FULMINANT HEPATIC FAILURE;4340389;Fulminant hepatic failure
FULMINANT HEPATITIS;4143845;Fulminant hepatitis
FULMINANT HEPATITIS;4340389;Fulminant hepatic failure
FUNGAL MENINGITIS;432602;Fungal meningitis
FUNGAL PNEUMONIA;4049965;Fungal pneumonia
FUNGAL RESPIRATORY INFECTION;4193174;Fungal respiratory infection
FUNGEMIA;4202922;Fungemia
GAIT ABNORMALITY;437643;Abnormal gait
GALLBLADDER MASS;45757434;Gallbladder mass
GALLSTONE;4120373;Gallstone
GALLSTONE;196456;Gallstone
GALLSTONE PANCREATITIS;4319446;Gallstone pancreatitis
GALLSTONE,PANCREATITIS;4319446;Gallstone pancreatitis
"GALLSTONE;PANCREATITIS";4319446;Gallstone pancreatitis
GALLSTONES;4120373;Gallstone
GALLSTONES;196456;Gallstone
"? GALLSTONES; PANCREATITIS";4319446;Gallstone pancreatitis
"GALLSTONES;PANCREATITIS";4319446;Gallstone pancreatitis
GANGRENE;4263116;Gangrene
GANGRENOUS CHOLECYSTITIS;4248003;Acute gangrenous cholecystitis
GARDNERS SYNDROME;4246717;Gardner syndrome
GASTRIC BLEED;4143871;Bleeding gastric erosion
GASTRIC BLEED;4087310;Bleeding gastric varices
GASTRIC CANCER;443387;Malignant tumor of stomach
GASTRIC PERFORATION;4340781;Perforation of stomach
GASTRIC VOLVULUS;4215790;Gastric volvulus
UPPER GASTROINTESTINAL BLEED;4291649;Upper gastrointestinal hemorrhage
"UPPER GI BLEED;TELEMETRY";4291649;Upper gastrointestinal hemorrhage
UPPER GI BLEED;4291649;Upper gastrointestinal hemorrhage
UGIB;4291649;Upper gastrointestinal hemorrhage
LOWER GASTROINTESTINAL BLEED;4338544;Lower gastrointestinal hemorrhage
"LOWER GI BLEED;TELEMETRY";4338544;Lower gastrointestinal hemorrhage
LOWER GI BLEED;4338544;Lower gastrointestinal hemorrhage
GASTROENTERITIS;4101468;Gastroenteritis
CHIARI MALFORMATION/SDA;4099094;Chiari malformation
GI BLEED;192671;Gastrointestinal hemorrhage
"GASTROINTESTINAL BLEED;TELEMETRY";192671;Gastrointestinal hemorrhage
GASTROINTESTINAL BLEED;192671;Gastrointestinal hemorrhage
"GASTROINTESTINAL BLEED;";192671;Gastrointestinal hemorrhage
GASTROINTESTINAL BLEEDING;192671;Gastrointestinal hemorrhage
GASTROINTESTINAL HEMORRHAGE;192671;Gastrointestinal hemorrhage
GASTROINTESTINAL INFECTION;37396146;Gastrointestinal infection
GASTROINTESTINAL PERFORATION;4202064;Gastrointestinal perforation
PERFORATED BOWEL;4202064;Gastrointestinal perforation
BOWEL PERFORATION;4202064;Gastrointestinal perforation
GASTROPARESIS;195847;Gastroparesis syndrome
GLIOBLASTOMA;4272187;Glioblastoma
GLIOBLASTOMA MULTIFORM;40571980;Glioblastoma multiforme
GLIOBLASTOMA MULTIFORM;4174444;Glioblastoma multiforme of brain
GOITER;135772;Goiter
BILE LEAK;4340400;Leakage of bile
GOODPASTURES;4126115;Goodpasture's disease
GOODPASTURES;195289;Goodpasture's syndrome
? GRAFT INFECTION;4170296;Graft infection
GRAFT INFECTION;4170296;Graft infection
GRAFT STENOSIS;4122765;Vascular graft stenosis
GUNSHOT WOUND;4209742;Gunshot wound
GUNSHOT WOUND;4153697;Gunshot wound
GUNSHOT WOUNDS;4153697;Gunshot wound
GUNSHOT WOUNDS;4209742;Gunshot wound
HAIRY CELL LEUKEMIA;4182216;Hairy cell leukemia
HAIRY CELL LEUKEMIA;4038845;Hairy cell leukemia
HAND AMPUTATION;4182793;Amputated hand
HAND INJURY;80004;Injury of hand
HANGING;4112261;Hanging down
HEADACH;378253;Headache
HEADACHE;378253;Headache
HEADACHE,SINUSITIS;4283893;Sinusitis
HEADACHE,SINUSITIS;378253;Headache
HEAD INJURIES;75415;Injury of head
HEAD INJURY;75415;Injury of head
HEART BLOCK;320425;Heart block
HEART BLOCK;4064457;EKG: heart block
COMPLETE HEART BLOCK;320744;Complete atrioventricular block
HEART DISEASE;321588;Heart disease
HEART FAILURE;316139;Heart failure
HEAT FATIGUE;442024;Transient heat fatigue
HEMANGIOMA;4051455;Hemangioma
HEMANGIOMA;441818;Hemangioma
HEMATEMESIS;26727;Hematemesis
HEMATOCHEZIA;443530;Hematochezia
HEMATOMA;4299449;Hematoma
HEMATOMA;4147001;Hematoma
HEMATURIA;437038;Blood in urine
HEMIPLEGIA;374022;Hemiplegia
HEMOLYTIC ANEMIA;435503;Hemolytic anemia
HEMOLYTIC UREMIC SYNDROME;197253;Hemolytic uremic syndrome
HEMOPERITONEUM;4316360;Bloody peritoneal effusion
HEMOPHILIA;4236898;Hemophilia
HEMOPNEUMOTHORAX;4042409;Hemopneumothorax
HEMOPTYSIS;261687;Hemoptysis
HEMORRHAGE;4179955;Hemorrhage
HEMORRHAGE STROKE;376713;Cerebral hemorrhage
HEMORRHAGIC PANCREATITIS;4185268;Acute hemorrhagic pancreatitis
HEMORRHAGIC SHOCK;4148882;Hemorrhagic shock
HEMORRHAGIC STROKE;376713;Cerebral hemorrhage
HEMOTHORAX;4135466;Hemothorax
HEPATIC ABSCESS;201901;Abscess of liver
HEPATIC ARTERY STENOSIS;4226129;Hepatic artery stenosis
HEPATIC ENCEPHALOPATHY;4029488;Hepatic encephalopathy
HEPATIC FAILURE;4245975;Hepatic failure
HEPATITIS;45876624;Hepatitis
"HEPATITIS;ASCITES";45876624;Hepatitis
"HEPATITIS;ASCITES";200528;Ascites
HEPATITIS B;4150742;Hepatitis B status
HEPATITIS C;197494;Viral hepatitis C
HEPATOMA;4130518;Neoplasm of liver
HEPATOPULMONARY SYNDROME;4159144;Hepatopulmonary syndrome
HEPATORENAL SYNDROME;196455;Hepatorenal syndrome
HERNIA;4190388;Hernia
HERNIA STRANGULATION;4044513;Strangulated hernia
HEROIN OVERDOSE;4170687;Heroin overdose
HERPES ZOSTER;443943;Herpes zoster
HIATAL HERNIA;4224004;Hiatal hernia
HIP FRACTURE;4138412;Fracture of proximal end of femur
RIGHT HIP FRACTURE;4138412;Fracture of proximal end of femur
RIGHT HIP FRACTURE;45881626;Right
HIP PAIN;4170554;Hip pain
HISTOPLASMOSIS;433134;Histoplasmosis
HIV;4149958;HIV status
HYDROCEPHALOUS;4043738;Hydrocephalus
HYDROCEPHALUS;4043738;Hydrocephalus
HYDRONEPHROSIS;433811;Hydronephrosis
HYDROTHORAX;4195440;Hydrothorax
HYPERBILIRUBINEMIA;4032334;Hyperbilirubinemia
HYPERCALCEMIA;435511;Hypercalcemia
HYPERCAPNEIC RESPIRATORY FAILURE;46271074;Hypercapnic respiratory failure
HYPERCAPNIA;4105765;Hypercapnia
HYPEREMESIS;40480291;Hyperemesis
HYPERGLYCEMIA;4214376;Hyperglycemia
HYPERKALEMIA;434610;Hyperkalemia
HYPERMAGNESEMIA;4284559;Hypermagnesemia
HYPERNATREMIA;4190305;Hypernatremia
HYPERPARATHYROIDISM;133729;Hyperparathyroidism
HYPERSTIMULATION SYNDROME;4305298;Ovarian hyperstimulation syndrome
HYPERTENSION;45876622;Hypertension
HYPERTENSION EMERGENCY;43020424;Hypertensive emergency
"HYPERTENSION;ENCEPHALOPATHY";312938;Hypertensive encephalopathy
HYPERTENSION URGENCY;40481896;Hypertensive urgency
HYPERTENSIVE;45876622;Hypertension
HYPERTENSIVE;40481896;Hypertensive urgency
HYPERTENSIVE;43020424;Hypertensive emergency
HYPERTENSIVE;45768449;Hypertensive crisis
HYPERTENSIVE CRISIS;45768449;Hypertensive crisis
HYPERTENSIVE EMERGENCY;43020424;Hypertensive emergency
HYPERTENSIVE URGENCY;40481896;Hypertensive urgency
HYPERTENSIVE URGENCY';40481896;Hypertensive urgency
HYPERTHERMIA;45879562;Hyperthermia
HYPERTROPHIC CARDIOMYOPATHY;4124693;Hypertrophic cardiomyopathy
HYPOGLYCEMIA;24609;Hypoglycemia
HYPOGLYCEMIA, ;24609;Hypoglycemia
HYPOKALEMIA;437833;Hypokalemia
HYPOMAGNESEMIA;4098604;Hypomagnesemia
HYPONATREMIA;4232311;Hyponatremia
HYPOTENSION;4285144;Hypotensive episode
HYPOTENSION;317002;Low blood pressure
HYPOTENSION;45877010;Low blood pressure
HYPOTENSIVE;4285144;Hypotensive episode
HYPOTENSIVE;317002;Low blood pressure
HYPOTENSIVE;45877010;Low blood pressure
HYPOTENSIVE EPISODE;4285144;Hypotensive episode
HYPOTENSIVE EPISODE;317002;Low blood pressure
HYPOTENSIVE EPISODE;45877010;Low blood pressure
HYPOTHERMIA;435371;Hypothermia
HYPOVENTILATION;312603;Hypoventilation
HYPOVOLEMIA;436375;Hypovolemia
HYPOXEMIA;437390;Hypoxemia
HYPOXIA;4306572;Hypoxia
 HYPOXIA;4306572;Hypoxia
IDIOPATHIC PULMONARY FIBROSIS;45763750;Idiopathic pulmonary fibrosis
IDIOPATHIC THROMBOCYTOPENIC PURPURA;4137430;Idiopathic thrombocytopenic purpura
ILEUS;45883597;Ileus
ILIAC ANEURYSM;196433;Aneurysm of iliac artery
IN ACTIVE LABOR;4200971;Does perform laboring activities
INCARCERATED HERNIA;4005159;Incarcerated hernia
INCISIONAL HERNIA;198464;Incisional hernia
INCISIONAL HERNIA/SDA;198464;Incisional hernia
INCISION DRAINAGE;4211374;Incision AND drainage
INDUCTION;4236075;Induction - action
INFECTED FOOT;4102735;Infection of foot
INFECTED GRAFT;4170296;Graft infection
INFECTED PANCREATIC PSEUDOCYST;4227092;Infected pancreatic pseudocyst
INFECTED SHUNT;4092158;Arteriovenous shunt infection
INFECTED ULCER;4095409;Infected ulcer of skin
INFECTION;45885195;Infection
INFECTIOUS PROCESS;40480911;Infectious process
INFLAMMATORY BOWEL DISEASE;4074815;Inflammatory bowel disease
INFLUENZA;4266367;Influenza
"INFLUENZA;PNEUMONIA";4112662;Influenza with pneumonia, influenza virus identified
INGESTION;4008101;Ingestion
? INGESTION;4008101;Ingestion
INGESTION OF;4008101;Ingestion
INGUINAL HERNIA;4288544;Inguinal hernia
INHALATION INJURY;4174250;Inhalation injury
INSULIN OVERDOSE;4179603;Insulin overdose
INTERMEDIATE CARE;44788039;Intermediate care - specialty
INTERSTITIAL LUNG;4119786;Interstitial lung disease
INTERSTITIAL LUNG DISEASE;4119786;Interstitial lung disease
INTESTINAL LYMPHADENOPATHY;4133584;Intestinal lymphadenopathy
INTESTINAL PERFORATION;193242;Perforation of intestine
CARDIAC CATH;4223020;Cardiac catheterization
CARDIAC CATH;45884380;Cardiac catheterization
INTOXICATION;442562;Poisoning
INTOXICATION;45882366;Poisoning
INTRAABDOMINAL ABSCESS;4326255;Abdominal abscess
INTRACEREBRAL HEMORRHAGE;439847;Intracranial hemorrhage
HEAD BLEED;439847;Intracranial hemorrhage
INTRACRANIAL;4123444;Intracranial
ICH;439847;Intracranial hemorrhage
? INTRACRANIAL HEMORRHAGE;439847;Intracranial hemorrhage
INTRACRANIAL HEMORRHAGE;439847;Intracranial hemorrhage
"INTRACRANIAL HEMORRHAGE;";439847;Intracranial hemorrhage
INTERCRANIAL HEMORRHAGE;439847;Intracranial hemorrhage
INTRACRANIAL BLEED;439847;Intracranial hemorrhage
INTRACRANIAL LESION;4319465;Localized cranial lesion
INTRACRANIAL MASS;4311115;Intracranial mass
INTRACRANIAL TUMOR;4116092;Intracranial tumor
BRAIN MASS;4173938;Mass lesion of brain
INTRACTABLE NAUSEA;44783646;Intractable nausea and vomiting
INTRACTABLE PAIN;4168685;Chronic intractable pain
INTRAHEPATIC HEMATOMA;4096023;Intrahepatic hematoma
INTRAMURAL HEMORRHAGE;4065231;Intramural hemorrhage
INTRAPARENCHYMAL;40492969;Intraparenchymal hemorrhage of brain
INTRAPARENCHYMAL HEMATOMA;4328027;Intraparenchymal hematoma of brain
INTRAPARENCHYMAL HEMORRHAGE;40492969;Intraparenchymal hemorrhage of brain
INTRAPARENCHYMAL BLEED;40492969;Intraparenchymal hemorrhage of brain
INTRAVENTRICULAR  HEMORRHAGE;4110185;Intracerebral hemorrhage, intraventricular
INTUBATION;4202832;Intubation
INTUSSUSCEPTION;4149485;Intussusception
IRREGULAR HEART RATE;4262985;Irregular heart rate
ISCHEMIA;4200991;Ischemia
ISCHEMIC BOWEL;192673;Vascular insufficiency of intestine
? ISCHEMIC COLITIS;4148299;Ischemic colitis
ISCHEMIC COLITIS;4148299;Ischemic colitis
ISCHEMIC ENTERITIS;4248564;Ischemic enteritis
ISCHEMIC FOOT;4199887;Ischemic foot
ISCHEMIC HEART DISEASE;4185932;Ischemic heart disease
ISCHEMIC LEG;4119612;Lower limb ischemia
ISCHEMIC LEGS;4119612;Lower limb ischemia
ISCHEMIC STROKE;4310996;Ischemic stroke
ISCHEMIC TOES;4139578;Ischemic toe
JAUNDICE;137977;Jaundice
JAW PAIN;4168686;Jaw pain
JOINT EFFUSION;79903;Effusion of joint
JOINT INFECTION;4180167;Infectious disorder of joint
KETOACIDOSIS;4209145;Ketoacidosis
KIDNEY STONE;201620;Kidney stone
KIDNEY TRANSPLANT;4322471;Transplant of kidney
KNEE AMPUTATION;4338257;Amputation of leg through tibia and fibula
KNEE DISLOCATION;81705;Open dislocation of knee
KNEE INFECTION;4051600;Abrasion of knee, infected
KNEE PAIN;4150062;Knee pain
KYPHOSIS;4214530;Kyphosis deformity of spine
?LABOR;4124667;Labor
LACTIC ACIDOSIS;4239233;Lactic acidosis
LAMINECTOMY;4306206;Laminectomy
LARGE BOWEL OBSTRUCTION;4090128;Large bowel obstruction
LARYNGEAL INFECTION;4207471;Infective laryngitis
LEFT PNEUMOTHORAX;4031132;Left pneumothorax
LEG PAIN;4024561;Pain in lower limb
LEG SWELLING;4087637;Leg swelling symptom
LETHARGY;4061577;Lethargy
LEUKEMIA;317510;Leukemia
LEUKEMIA;4314535;Leukemia
LEUKEMIA;4030289;Leukemia
LEUKOCYTOSIS;438398;Leukocytosis
LITHIUM OVERDOSE;4169861;Lithium overdose
LIVER ABSCESS;201901;Abscess of liver
LIVER ABSCESSES;201901;Abscess of liver
LIVER DISEASE;21499348;Liver disease
END STAGE LIVER DISEASE;45769564;End stage liver disease
ACUTE LIVER FAILURE;4026032;Acute hepatic failure
LIVER FAILURE;4245975;Hepatic failure
"LIVER FAILURE;LIVER TRANSPLANT";4245975;Hepatic failure
"LIVER FAILURE;LIVER TRANSPLANT";4341658;Liver transplant failure
LIVER FAILURE TRANSPLANT;4341658;Liver transplant failure
LIVER HEMATOMA;4096644;Liver hematoma
LIVER LACERATION;195392;Laceration of liver
LIVER LESION;4104000;Lesion of liver
LIVER MASS;4101227;Liver mass
LIVER MASS/SDA;4101227;Liver mass
LIVER TRANSPLANT;4076862;Transplantation of liver
LIVER TRANSPLANT REJECTION;4341657;Liver transplant rejection
LOBAR PNEUMONIA;4133224;Lobar pneumonia
LOOSE STOOL;4161687;Loose stool
LOW BACK PAIN;194133;Low back pain
LOW BLOOD PRESSURE;317002;Low blood pressure
LOWER;4126988;Lower
LUMBAR ;4141176;Lumbar
LUMBAR SPONDYLOSIS;4346975;Lumbar spondylosis
LUMBAR STENOSIS/SDA;136788;Spinal stenosis of lumbar region
LUNG CANCER;45883770;Lung cancer
LUNG CANCER,;45883770;Lung cancer
LUNG CA;45883770;Lung cancer
LUNG CA/SDA;45883770;Lung cancer
LUNG CANCER/SDA;45883770;Lung cancer
LUNG COLLAPSE;261880;Atelectasis
LUNG COLLAPSE;45884401;Atelectasis
LUNG LESION;4116778;Lesion of lung
LUNG MASS;4203096;Lung mass
LUNG TUMOR;4128888;Neoplasm of lung
LYMPHOMA;45881968;Lymphoma
MAJOR DEPRESSION;42872722;Severe major depression
MALAISE;4272240;Malaise
MALARIA;438067;Malaria
MALIGNANT HYPERTENSION;4289933;Malignant hypertension
MALIGNANT PERICARDIAL EFFUSION;4231817;Malignant pericardial effusion
MALNUTRITION;4156515;Malnutrition
MASS;4214641;Mass
MASS;4041088;Mass
MASTOCYTOSIS;4054320;Mast cell hyperplasia
MEDIASTINAL LYMPHADENOPATHY;4179477;Mediastinal lymphadenopathy
MEDIASTINAL MASS;4312034;Mediastinal mass
MEDIASTINITIS;439045;Mediastinitis
MEGACOLON;198465;Megacolon, not Hirschsprung's
MELANOMA;45883441;Melanoma
MELENA;4103703;Melena
MENINGIOMA;4024298;Meningioma
MENINGIOMA/SDA;4024298;Meningioma
MENINGITIS;435785;Meningitis
? MENINGITIS;435785;Meningitis
MENINGOENCEPHALITIS;4322814;Meningoencephalitis
MESENTERIC ISCHEMIA;201894;Acute vascular insufficiency of intestine
HEAD MASS;4331509;Mass of head
MESOTHELIOMA;4033891;Mesothelioma
METABOLIC ACIDOSIS;4245042;Metabolic acidosis
METASTATIC ADENOCARCINOMA;4263459;Adenocarcinoma, metastatic
METASTATIC LYMPHOMA;4004515;Malignant lymphoma, metastatic
METASTATIC MELANOMA;4157460;Malignant melanoma, metastatic
METHADONE OVERDOSE;4170683;Methadone overdose
METHEMOGLOBINEMIA;432882;Methemoglobinemia
MI;4329847;Myocardial infarction
MIDGUT VOLVULUS;43020868;Malrotation of intestine with midgut volvulus
MITRAL REGURGITATION;443962;Mitral valve regurgitation
MITRAL STENOSIS;315273;Mitral valve stenosis
MITRAL VALVE REGURGITATION;443962;Mitral valve regurgitation
MITRAL VALVE DISORDER\MITRAL VALVE REPLACEMENT /SDA;319843;Mitral valve disorder
MITRAL VALVE DISORDER\MITRAL VALVE REPLACEMENT /SDA;4203153;Replacement of mitral valve
MR\MITRAL VALVE REPLACEMENT MINIMALLY INVASIVE APPROACH/SDA;443962;Mitral valve regurgitation
MR\MITRAL VALVE REPLACEMENT MINIMALLY INVASIVE APPROACH/SDA;4203153;Replacement of mitral valve
MR\MITRAL VALVE REPLACEMENT/SDA;443962;Mitral valve regurgitation
MR\MITRAL VALVE REPLACEMENT/SDA;4203153;Replacement of mitral valve
MITRAL REGURGITATION\MITRAL VALVE REPLACEMENT,HEART PORT MINIMALLY INVASIVE /SDA;443962;Mitral valve regurgitation
MITRAL REGURGITATION\MITRAL VALVE REPLACEMENT,HEART PORT MINIMALLY INVASIVE /SDA;4203153;Replacement of mitral valve
MITRAL REGURGITATION\MITRAL VALVE REPLACEMENT /SDA;443962;Mitral valve regurgitation
MITRAL REGURGITATION\MITRAL VALVE REPLACEMENT /SDA;4203153;Replacement of mitral valve
MITRAL STENOSIS\MITRAL VALVE REPLACEMENT /SDA;315273;Mitral valve stenosis
MITRAL STENOSIS\MITRAL VALVE REPLACEMENT /SDA;4203153;Replacement of mitral valve
MONO;61402;Mononucleosis syndrome
C2 FRACTURE;4008354;Fracture of second cervical vertebra
MVA;435134;Motor vehicle accident
S/P MVA;435134;Motor vehicle accident
MOTORCYCLE ACCIDENT;4175576;Motorcycle accident
S/P MOTORCYCLE ACCIDENT;4175576;Motorcycle accident
MOTOR  VEHICLE ACCIDENT;435134;Motor vehicle accident
MOTOR VEHICLE ACCIDENT;435134;Motor vehicle accident
MOTOR VEHICLE ACCIDENT';435134;Motor vehicle accident
S/P MOTOR VEHICLE ACCIDENT;435134;Motor vehicle accident
MOTOR VEHICLE COLLISION;44790560;Motor vehicle collision
MULTIFOCAL ATRIAL TACHYCARDIA;4176112;Multifocal atrial tachycardia
MULTIPLE FRACTURES;4182868;Fracture, multiple
MULTIPLE FRACTURES;4046869;Multiple fractures
MULTIPLE INJURIES;4096313;Multiple injuries
MULTIPLE INJURIES;4134267;Multiple injuries
MULTIPLE MYELOMA;4210177;Multiple myeloma
MULTIPLE MYELOMA;437233;Multiple myeloma
MULTIPLE SCLEROSIS;374919;Multiple sclerosis
MULTIPLE STAB WOUNDS;4112290;Multiple stab wounds
MUSCLE WEAKNESS;79908;Muscle weakness
GUN SHOT WOUND;4153697;Gunshot wound
GUN SHOT WOUND;4209742;Gunshot wound
GUN SHOT WOUND;45884877;Gunshot wound
MYASTHENIA;4043730;Generalized myasthenia
MYASTHENIA GRAVIS;76685;Myasthenia gravis
MYASTHENIC CRISIS;4215003;Myasthenic crisis
"MYCOPLASMA;PNEUMONIA";255848;Pneumonia
"MYCOPLASMA;PNEUMONIA";440431;Mycoplasma pneumonia
MYCOTIC ANEURYSM;4197674;Mycotic aneurysm
MYCOTIC ANEURYSM;4121631;Mycotic aneurysm
MYELITIS;138965;Myelitis
MYELODYSPLASTIC SYNDROME;4028877;Myelodysplastic syndrome
MYELODYSPLASTIC SYNDROME;138994;Myelodysplastic syndrome
S/P MI\CATH;4329847;Myocardial infarction
S/P MI\CATH;4223020;Cardiac catheterization
S/P MI\CATH;45884380;Cardiac catheterization
S/P MI;4329847;Myocardial infarction
MYOCARDIAL INFARCT;4329847;Myocardial infarction
MYOCARDIAL INFARCT;4329847;Myocardial infarction
"RULE-OUT MYOCARDIAL INFARCTION;TELEMETRY";4329847;Myocardial infarction
RULE-OUT MYOCARDIAL INFARCTION;4329847;Myocardial infarction
R/O MI;4329847;Myocardial infarction
R/O MYOCARDIAL INFARCTION;4329847;Myocardial infarction
MYOCARDIAL INFARCTION;4329847;Myocardial infarction
MYOCARDIAL INFARCTION\CATH;4329847;Myocardial infarction
MYOCARDIAL INFARCTION\CATH;4223020;Cardiac catheterization
MYOCARDIAL INFARCTION\CATH;45884380;Cardiac catheterization
MYOCARDIAL INFARCTION';4329847;Myocardial infarction
MYOCARDIAL ISCHEMIA;4186397;Myocardial ischemia
MYOCARDITIS;314383;Myocarditis
MYXEDEMA;4182596;Myxedema
MYXOMA;4212804;Myxoma
MYXOMA;4299130;Myxoma
NAUSEA;31967;Nausea
VOMITING;441408;Vomiting
NAUSEA AND VOMITING;31967;Nausea
NAUSEA AND VOMITING;441408;Vomiting
NAUSEA AND VOMITING;45876723;Vomiting
NAUSEA AND VOMITING;27674;Nausea and vomiting
NAUSEA,VOMITING;31967;Nausea
NAUSEA,VOMITING;441408;Vomiting
NAUSEA,VOMITING;45876723;Vomiting
NAUSEA,VOMITING;27674;Nausea and vomiting
"NAUSEA;VOMITING";31967;Nausea
"NAUSEA;VOMITING";441408;Vomiting
"NAUSEA;VOMITING";45876723;Vomiting
"NAUSEA;VOMITING";27674;Nausea and vomiting
NAUSEA, VOMITTING;31967;Nausea
NAUSEA, VOMITTING;441408;Vomiting
NAUSEA, VOMITTING;45876723;Vomiting
NAUSEA, VOMITTING;27674;Nausea and vomiting
"NAUSEA; VOMITTING";31967;Nausea
"NAUSEA; VOMITTING";441408;Vomiting
"NAUSEA; VOMITTING";45876723;Vomiting
"NAUSEA; VOMITTING";27674;Nausea and vomiting
NEAR SYNCOPE;4142895;Near syncope
NECK INFECTION;4201370;Infection of skin of neck
NECK INJURY;24818;Injury of neck
NECK PAIN;24134;Neck pain
NECK SWELLING;4200520;Neck swelling
NECROTIC PANCREATITIS;4303234;Acute necrotizing pancreatitis
NECROTIZING FASCIITIS;133566;Necrotizing fasciitis
NECROTIZING PANCREATITIS;4303234;Acute necrotizing pancreatitis
NEUROLEPTIC MALIGNANT SYNDROME;379802;Neuroleptic malignant syndrome
NEUROPATHY;4301699;Neuropathy
NEUTROPENIA;320073;Neutropenia
NEWBORN;4046034;Newborn
NEWBORN;444104;Newborn
NORMAL PREGNANCY;4217975;Normal pregnancy
NORMAL PRESSURE HYDROCEPHALUS;432899;Normal pressure hydrocephalus
NOSE BLEED;44802082;History of nose bleed
NOT RESPONSIVE;4309389;Unresponsive
OBSTRUCTION;4093906;Obstruction
?OBSTRUCTION;4093906;Obstruction
OBSTRUCTIVE AIRWAY;4197065;Respiratory obstruction
OPEN WOUND;444187;Open wound
OPEN WOUND;4243486;Open wound
ORAL ABSCESS;4216735;Drainage of oral abscess
ORGAN DONOR;4022058;Organ donor
ORGAN DONOR ;4022058;Organ donor
ORGAN DONOR ACCOUNT;4022058;Organ donor
OSTEOMYELITIS;141663;Osteomyelitis
OVARIAN CANCER;4181351;Malignant tumor of ovary
OVARIAN HYPERSTIMULATION;4305298;Ovarian hyperstimulation syndrome
POLYSUBSTANCE OVERDOSE;45885146;Overdose
OVERDOSE;45885146;Overdose
?OVERDOSE;45885146;Overdose
? OVERDOSE;45885146;Overdose
OVER DOSE;45885146;Overdose
PAIN;4329041;Pain
PAIN CONTROL;4021823;Pain control
PALPATATIONS;4013065;Palpation
PALPATATIONS;315078;Palpitations
PALPITATIONS;315078;Palpitations
PALPITATIONS;4013065;Palpation
RAPID AFIB;4199501;Rapid atrial fibrillation
PANCOLITIS;40479839;Ulcerative pancolitis
PANCREAS TRANSPLANT;2003363;Transplant of pancreas
PANCREATIC ABSCESS;4152544;Drainage of pancreatic abscess
PANCREATIC CANCER;4180793;Malignant tumor of pancreas
PANCREATIC CA/SDA;4180793;Malignant tumor of pancreas
PANCREATIC CANCER/SDA;4180793;Malignant tumor of pancreas
PANCREATIC CYST;4151134;Cyst of pancreas
PANCREATIC FISTULA;4093273;Pancreatic fistula
PANCREATIC MASS;4143397;Mass of pancreas
PANCREATIC NECROSIS;4080069;Necrosis of pancreas
S/P PEDESTRIAN STRUCK;4106971;Pedestrian conveyance
PEDESTRIAN STRUCK;4106971;Pedestrian conveyance
PANCREATIC PSEUDOCYST;4008556;Pseudocyst of pancreas
SEVERE HYPERTROPHIC CARDIOMYOPATHY\SEPTAL ETHANOL ABLATION;4124693;Hypertrophic cardiomyopathy
SPONTANEOUS BACTERIAL PERITONITIS;199863;Primary bacterial peritonitis
PANCREATITIS;4192640;Pancreatitis
?PANCREATITIS;4192640;Pancreatitis
"PANCREATITIS;GALLSTONE";4319446;Gallstone pancreatitis
"PANCREATITIS;PSEUDOCYST";4192640;Pancreatitis
"PANCREATITIS;PSEUDOCYST";4008556;Pseudocyst of pancreas
PANCYTOPENIA;432881;Pancytopenia
PARALYSIS;440377;Paralysis
PARAPHARYNGEAL ABSCESS;257008;Parapharyngeal abscess
PARAPHARYNGEAL MASS;4080180;Excision of parapharyngeal mass
PARAPLEGIA;192606;Paraplegia
PARASPINAL ABSCESS;46270013;Paraspinal abscess
PARASTOMAL HERNIA;4342896;Parastomal hernia
PAROTIDITIS;4032796;Parotitis
PATENT FORAMEN OVALE;4070299;Patent foramen ovale
PELVIC ABSCESS;4009635;Pelvic abscess
PELVIC FRACTURE;4300192;Fracture of pelvis
PELVIC FRACTURES;4300192;Fracture of pelvis
PELVIC FRACTURES;4136722;Multiple pelvic fractures
PELVIC HEMATOMA;4131053;Pelvic hematoma
PELVIC INFECTION;4003306;Infection of pelvis
PELVIC INJURY;4154168;Pelvic injury
PELVIC MASS;201131;Pelvic mass
PELVIC MASS/SDA;201131;Pelvic mass
PELVIC PAIN;4147829;Pain in pelvis
PERFORATED COLON;4177183;Perforation of colon
PERFORATED DIVERTICULITIS;4002024;Perforated diverticulitis
PERFORATED DIVERTICULUM;4057374;Perforated diverticulum
PERFORATED DIVERTICULUM;4068836;Perforated diverticulum
PERFORATED DUODENUM;4156639;Duodenal perforation
PERFORATION;4263947;Perforation
PERICARDIAL EFFUSION;4161701;Pericardial effusion
PERICARDIAL HEMATOMA;4115324;Pericardial hematoma evacuation
PERICARDITIS;4138837;Pericarditis
PERINATAL DEPRESSION;36712668;Perinatal depression
PERIPHERAL EDEMA;4220064;Peripheral edema
PERIPHERAL EDEMA;4158343;Peripheral edema
PERIPHERAL VASCULAR DISEASE;321052;Peripheral vascular disease
PERIRECTAL ABSCESS;4241157;Perirectal abscess
PERITONITIS;196152;Peritonitis
? PERITONITIS;196152;Peritonitis
PERITONSILLAR ABSCESS;440751;Peritonsillar abscess
PHARYNGEAL SWELLING;4222866;Pharyngeal swelling
PHARYNGITIS;4226263;Pharyngitis
PHLEGMASIA;318174;Phlebitis
PHLEGMASIA;45885191;Phlebitis
PITUITARY MASS;4129540;Pituitary mass
PLEURAL EFFUSION;254061;Pleural effusion
PLEURAL EFFUSIONS;254061;Pleural effusion
PLEURAL FLUID;4100638;Pleural fluid
PLEURISY;78786;Pleurisy
PNEUMOCEPHALUS;4032015;Pneumocephalus
PNEUMOMEDIASTINUM;4057432;Mediastinal emphysema
PNEUMONIA;255848;Pneumonia
PNEUMONIA';255848;Pneumonia
"PNEUMONIA;TELEMETRY";255848;Pneumonia
"PNEUMONIA;INFLUENZA";4112662;Influenza with pneumonia, influenza virus identified
"PNEUMONIA;SEPSIS";255848;Pneumonia
"PNEUMONIA;SEPSIS";132797;Sepsis
R/O SEPSIS;132797;Sepsis
PNEUMOPERITONEUM;4065913;Pneumoperitoneum
PNEUMOTHORAX;253796;Pneumothorax
BRIGHT RED BLOOD PER RECTUM;443530;Hematochezia
RECTAL CANCER/SDA;443390;Malignant tumor of rectum
RECTAL CA/SDA;443390;Malignant tumor of rectum
RECTAL CANCER;;
POLYCYTHEMIA;4130681;Erythrocytosis
PORTAL HYPERTENSION;192680;Portal hypertension
?PORTAL VEIN THROMBOSIS;199837;Portal vein thrombosis
PORTAL VEIN THROMBOSIS;199837;Portal vein thrombosis
POUCHITIS;4140154;Ileal pouchitis
PREMATURE;45878115;Premature
PREMATURITY;45878115;Premature
PRIMARY SCLEROSING CHOLANGITIS;4058821;Primary sclerosing cholangitis
PROCTITIS;4215578;Proctitis
PROLAPSE UTERUS;4092565;Uterine prolapse
PROSTATE ABSCESS;198806;Abscess of prostate
PROSTATE CANCER;4163261;Malignant tumor of prostate
PROSTATE CANCER/SDA;4163261;Malignant tumor of prostate
PROSTATE CA/SDA;4163261;Malignant tumor of prostate
RENAL CANCER;196653;Malignant tumor of kidney
RENAL CA/SDA;196653;Malignant tumor of kidney
RENAL CANCER/SDA;196653;Malignant tumor of kidney
PROSTATITIS;194997;Prostatitis
PROSTHETIC VALVE ENDOCARDITIS;4121469;Prosthetic valve endocarditis
PSEUDOANEURYSM;4328884;Pseudoaneurysm
PSEUDOANEURYSM;40479758;Pseudoaneurysm
PSEUDOCYST;4028351;Pseudocyst
PSEUDOCYST PANCREATIC;4008556;Pseudocyst of pancreas
PSYCHOSIS;45881934;Psychosis
RIGHT RENAL MASS/SDA;204187;Renal mass
RIGHT RENAL MASS/SDA;45881626;Right
PULMONARY ALVEOLAR PROTEINOSIS;435853;Pulmonary alveolar proteinosis
PULMONARY EDEMA\CATH;4223020;Cardiac catheterization
PULMONARY EDEMA\CATH;45884380;Cardiac catheterization
PULMONARY EDEMA\CATH;4078925;Pulmonary edema
PULMONARY EDEMA;4078925;Pulmonary edema
PULMONARY EMBOLISM;440417;Pulmonary embolism
PULMONARY EMBOLUS;440417;Pulmonary embolism
PULMONARY EMBOLI;440417;Pulmonary embolism
PULMONARY FIBROSIS;4197819;Fibrosis of lung
PULMONARY HEMORRHAGE;4301606;Pulmonary hemorrhage
PULMONARY HYPERTENSION;4322024;Pulmonary hypertension
? PULMONARY TUBERCULOSIS;253954;Pulmonary tuberculosis
PYELONEPHRITIS;198199;Pyelonephritis
? PYELONEPHRITIS;198199;Pyelonephritis
RAPID ATRIAL FIBRILLATION;4199501;Rapid atrial fibrillation
RAPID A-FIB;4199501;Rapid atrial fibrillation
RASH;45885200;Rash
RAYNAUDS;314962;Raynaud's disease
RAYNAUDS;4143972;Raynaud's phenomenon
RAYNAUDS;4229162;Secondary Raynaud's phenomenon
REACTIVE AIRWAY DISEASE;42873168;Reactive airway disease
RECTAL ABSCESS;443327;Rectal abscess
RECTAL BLEED;4026112;Rectal hemorrhage
RECTAL BLEEDING;4026112;Rectal hemorrhage
RECTAL PROLAPSE;81336;Rectal prolapse
RECURRENT VENTRICULAR TACHYCARDIA;45771051;Recurrent ventricular tachycardia
REFRACTORY ASCITES;43020551;Refractory ascites
RENAL ABSCESS;4142194;Renal abscess
RENAL ARTERY STENOSIS;4118795;Renal artery stenosis
RENAL CALCULUS;201620;Kidney stone
RENAL CELL CARCINOMA;45765451;Renal cell carcinoma
RENAL CELL CARCINOMA;4215373;Renal cell carcinoma
RENAL COLIC;201690;Renal colic
ACUTE RENAL FAILURE;197320;Acute renal failure syndrome
"ACUTE RENAL FAILURE;TELEMETRY";197320;Acute renal failure syndrome
CHRONIC RENAL FAILURE;198185;Chronic renal failure
CRF/SDA;198185;Chronic renal failure
RIGHT HIP OA/SDA;36713110;Osteoarthritis of right hip joint
RENAL FAILURE;192359;Renal failure syndrome
RENAL HEMATURIA;4159136;Renal hematuria
RENAL INFARCTION;194994;Renal infarction
RENAL INSUFFICIENCY;36716945;Renal insufficiency
RENAL LACERATION;4217267;Suture of renal laceration
RENAL LACERATION;4287943;Repair of renal laceration
RENAL STONE;4300964;Renal stone
RENAL TRANSPLANT;4322471; Transplant of kidney
RENAL TRANSPLANT;2003624; Transplant of kidney
ESOPHAGEAL FOREIGN BODY;4118191;Esophageal foreign body removal by manipulation
RESPIRATORY ACIDOSIS;4048509;Respiratory acidosis
RESPIRATORY ALKALOSIS;4006309;Respiratory alkalosis
RESPIRATORY ARREST;317109;Respiratory arrest
RESPIRATORY DISEASE;320136;Disorder of respiratory system
RESPIRATORY DISTRESS;4158346;Respiratory distress
RESPIRATORY  DISTRESS;4158346;Respiratory distress
RESPIRATORY FAILURE;4256228;Respiratory failure
RESPIRATORY INSUFFICIENCY;318459;Respiratory insufficiency
RETROPERITONEAL ABSCESS;200761;Retroperitoneal abscess
RETROPERITONEAL HEMATOMA;4341777;Retroperitoneal hematoma
RETROPERITONEAL HEMORRHAGE;4318539;Retroperitoneal hemorrhage
RETROPERITONEAL MASS;4287399;Retroperitoneal mass
RETROPHARYNGEAL ABSCESS;437580;Retropharyngeal abscess
RHABDOMYOLYSIS;4230337;Rhabdomyolysis
RHABDOMYOLYSIS;4345578;Rhabdomyolysis
RHC;223626;Catheterization of right heart
RIGHT FLANK PAIN;4012223;Right flank pain
RIGHT HEART FAILURE;4134890;Right heart failure
RIGHT INGUINAL HERNIA;4340511;Right inguinal hernia
RIGHT PNEUMOTHORAX;4033321;Right pneumothorax
RIGID BRONCHOSCOPY\RIGID BRONCHOSCOPY;4262301;Rigid bronchoscopy
RUPTURE AORTIC ANEURYSM;312343;Ruptured aortic aneurysm
RUPTURED ANEURYSM;4317530;Ruptured aneurysm
RUPTURED AORTIC ANEURYSM;312343;Ruptured aortic aneurysm
RUPTURED BLADDER;92632;Rupture of bladder
RUPTURED FISTULA;4122767;Arteriovenous fistula rupture
RUPTURED GRAFT;4091712;Arteriovenous graft rupture
RUPTURED MEMBRANES;4224704;Ruptured membranes
SALICYLATE OVERDOSE;4166502;Salicylate overdose
SALT;4232311;Hyponatremia
SCIATIC NEUROPATHY;4200854;Sciatic neuropathy
SCLEROSING CHOLANGITIS;4340953;Sclerosing cholangitis
SCOLIOSIS;72418;Scoliosis deformity of spin
SCOLIOSIS/SDA;72418;Scoliosis deformity of spin
SCROTAL ABSCESS;4342015;Drainage of scrotal abscess
SCROTAL EDEMA;4230799;Edema of scrotum
SEIZURE;377091;Seizure
? SEIZURE;377091;Seizure
SEIZURE DISORDER;4029498;Seizure disorder
SEIZURES;377091;Seizure
?SEIZURES;377091;Seizure
SEPSI;132797;Sepsis
SEPSIS;132797;Sepsis
"SEPSIS;TELEMETRY";132797;Sepsis
?SEPSIS;132797;Sepsis
? SEPSIS;132797;Sepsis
SEPSIS.;132797;Sepsis
SEPTIC;132797;Sepsis
? SEPTIC ARTHRITIS;4167984;Bacterial arthritis
SEPTIC ARTHRITIS;4167984;Bacterial arthritis
SEPTICEMIA;45878995;Septicemia
SEPTIC SHOCK;196236;Septic shock
SEPTIC THROMBOPHLEBITIS;4235812;Septic thrombophlebitis
 ? SEROTONIN SYNDROME;4154707;Serotonin syndrome
SEROTONIN SYNDROME;4154707;Serotonin syndrome
SEVERE SEPSIS;37394658;Severe sepsis
SHINGLES;44790710;Shingles exanthem
SHOCK;201965;Shock
SHOULDER DISLOCATION;4164518;Dislocated shoulder reduction
SHOULDER PAIN;4166666;Shoulder pain
SHUNT INFECTION;4092158;Arteriovenous shunt infection
SHUNT MALFUNCTION;4188466;Ventriculoperitoneal shunt
SHUNT MALFUNCTION;4107114;Ventriculoperitoneal shunt
SIGMOID VOLVULUS;4057365;Sigmoid volvulus
SINUSITIS;4283893;Sinusitis
SLEEP APNEA;313459;Sleep apnea
SLURRED SPEECH;4125590;Slurred speech
SMALL BOWEL FISTULA;4342660;Small bowel fistula
? SMALL BOWEL OBSTRUCTION;4090129;Small bowel obstruction
?SMALL BOWEL OBSTRUCTION;4090129;Small bowel obstruction
SMALL BOWEL OBSTRUCTION;4090129;Small bowel obstruction
SMALL BOWEL OBSTRUCTION                                                                                                                                                                                 ;4090129;Small bowel obstruction
SMOKE INHALATION;4143700;Smoke inhalation injury
SMOKE INHALATION INJURY;4143700;Smoke inhalation injury
SOB;21498684;Dyspnea
SOB;312437;Dyspnea
SHORTNESS OF BREATH;21498684;Dyspnea
SHORTNESS OF BREATH;312437;Dyspnea
SOFT TISSUE MASS;4175518;Soft tissue mass
SORE THROAT;4036632;Has a sore throat
SPINAL ABSCESS;4037877;Spinal cord abscess
SPINAL ARTERIOVENOUS MALFORMATION;4129783;Spinal arteriovenous malformation
SPINAL CORD COMPRESSION;4322945;Spinal cord compression
SPINAL CORD INJURY;4235863;Spinal cord injury
SPINAL CORD TRANSECTION;4336300;Spinal cord transection
SPINAL FRACTURE;4174520;Fracture of vertebral column
? SPINAL INJURY;4095850;Spinal injury
SPINAL INJURY;4095850;Spinal injury
SPINAL INSTABILITY;4345332;Spinal instability
SPINAL STENOSIS;77079;Spinal stenosis
SPLENIC ABSCESS;4220074;Splenic abscess
SPLENIC HEMATOMA;4094979;Splenic hematoma
SPLENIC HEMORRHAGE;4209571;Splenic hemorrhage
SPLENIC RUPTURE;4120624;Rupture of spleen
SPLENIC LACERATION;4096769;Laceration of spleen
STAB;4322407;Stab wound
STAB;4175661;Stab wound
STABBING;4322407;Stab wound
STABBING;4175661;Stab wound
STAB WOUND;4322407;Stab wound
STAB WOUND;4175661;Stab wound
STAB WOUNDS;4322407;Stab wound
STAB WOUNDS;4175661;Stab wound
STATUS ASTHMATICUS;45769438;Status asthmaticus
STATUS EPILEPTICUS;4332304;Status epilepticus
ST ELEVATION;4064882;ST elevation
ST ELEVATIONS;4064882;ST elevation
STENT;4280677;Stent
STEMI;4296653;Acute ST segment elevation myocardial infarction
STEMI\CARDIAC CATH;4296653;Acute ST segment elevation myocardial infarction
STEMI\CARDIAC CATH;4223020;Cardiac catheterization
STEMI\CARDIAC CATH;45884380;Cardiac catheterization
ST ELEVATED MYOCARDIAL INFARCTION;4296653;Acute ST segment elevation myocardial infarction
ST ELEVATION MI;4296653;Acute ST segment elevation myocardial infarction
ST-SEGMENT ELEVATION MYOCARDIAL INFARCTION\CARDIAC CATH;4296653;Acute ST segment elevation myocardial infarction
ST-SEGMENT ELEVATION MYOCARDIAL INFARCTION\CARDIAC CATH;4223020;Cardiac catheterization
ST-SEGMENT ELEVATION MYOCARDIAL INFARCTION\CARDIAC CATH;45884380;Cardiac catheterization
ST-SEGMENT ELEVATION MYOCARDIAL INFARCTION\CATH;4296653;Acute ST segment elevation myocardial infarction
ST-SEGMENT ELEVATION MYOCARDIAL INFARCTION\CATH;4223020;Cardiac catheterization
ST-SEGMENT ELEVATION MYOCARDIAL INFARCTION\CATH;45884380;Cardiac catheterization
NON ST ELEVATION MI;4270024;Acute non-ST segment elevation myocardial infarction
NON-ST SEGMENT ELEVATION MYOCARDIAL INFARCTION;4270024;Acute non-ST segment elevation myocardial infarction
NON-ST SEGMENT ELEVATION MYOCARDIAL INFARCTION\CATH;4270024;Acute non-ST segment elevation myocardial infarction
NON-ST SEGMENT ELEVATION MYOCARDIAL INFARCTION\CATH;4223020;Cardiac catheterization
NON-ST SEGMENT ELEVATION MYOCARDIAL INFARCTION\CATH;45884380;Cardiac catheterization
NSTEMI;4270024;Acute non-ST segment elevation myocardial infarction
NON-ST SEGMENT ELEVATION MYOCARDIAL INFARCTION\CARDIAC CATH;4270024;Acute non-ST segment elevation myocardial infarction
NON-ST SEGMENT ELEVATION MYOCARDIAL INFARCTION\CARDIAC CATH;4223020;Cardiac catheterization
NON-ST SEGMENT ELEVATION MYOCARDIAL INFARCTION\CARDIAC CATH;45884380;Cardiac catheterization
STRANGULATED HERNIA;4044513;Strangulated hernia
STRIDOR;253321;Stridor
STROKE;36210384;Stroke
CEREBRAL VASCULAR ACCIDENT;36210384;Stroke
"STROKE;TELEMETRY;TELEMETRY";36210384;Stroke
SUBARACHNOID;432923;Subarachnoid hemorrhage
SUBARACHNOID HEMORRHAGE;432923;Subarachnoid hemorrhage
SUBARACHNOID BLEED;432923;Subarachnoid hemorrhage
SAH;432923;Subarachnoid hemorrhage
SUB ARACHNOID HEMORRHAGE;432923;Subarachnoid hemorrhage
"SUBARACHNOID HEMORRHAGE;";432923;Subarachnoid hemorrhage
"SUBARACHNOID HEMORRHAGE;TELEMETRY";432923;Subarachnoid hemorrhage
SUBARACHNOID HEMATOMA;432923;Subarachnoid hemorrhage
SUBDURAL;4318408;Subdural hematoma
SUBDURAL BLEED;4318408;Subdural hematoma
SUBDURAL HEMATOMA;4318408;Subdural hematoma
SUBDURAL HEMATOMA/SDA;4318408;Subdural hematoma
SUBDURAL HEMORRHAGE;439040;Subdural hemorrhage
SUBGLOTTIC STENOSIS;4332011;Subglottic stenosis
SUPRAGLOTTIC AIRWAY OBSTRUCTION;4159139;Supraglottic airway obstruction
SUPRAGLOTTIC EDEMA;4198564;Supraglottic edema
SUPRAGLOTTITIS;46271527;Supraglottitis
SUPRAVENTRICULAR TACHYCARDIA;4275423;Supraventricular tachycardia
SUPRAVENTRICULAR TACHYCARDIA;4145510;EKG: supraventricular tachycardia
SYNCOPE;135360;Syncope
? SYNCOPE;135360;Syncope
"SYNCOPE;TELEMETRY";135360;Syncope
SYPHILIS;436033;Syphilis
TACHYCARDIA;444070;Tachycardia
TACHYPNEA;317376;Tachypnea
TAMPONADE;318450;Cardiac tamponade
PERICARDIAL TAMPONADE;318450;Cardiac tamponade
? TB;434557;Tuberculosis
? TB;45878277;Tuberculosis
T CELL LYMPHOMA;4003183;T-cell lymphoma
TESTICULAR PAIN;4270932;Pain in testicle
THALAMIC HEMORRHAGE;4045745;Thalamic hemorrhage
THROMBOCYTOPENIA;432870;Thrombocytopenic disorder
THROMBOCYTOPENIC PURPURA;4119134;Thrombocytopenic purpura
THROMBOEMBOLISM;4029321;Thromboembolus
THROMBOTIC THROMBOCYTOPENIC PURPURA;4301602;Thrombotic thrombocytopenic purpura
THROMBUS;4245118;Thrombus
THUMB AMPUTATION;4198962;Amputated thumb
THYROTOXICOSIS;138387;Thyrotoxicosis
TIA;373503;Transient cerebral ischemia
TRANSIENT ISCHEMIC ATTACK;373503;Transient cerebral ischemia
"STROKE;TRANSIENT ISCHEMIC ATTACK";373503;Transient cerebral ischemia
"STROKE;TRANSIENT ISCHEMIC ATTACK";36210384;Stroke
STROKE,TRANSIENT ISCHEMIC ATTACK;373503;Transient cerebral ischemia
STROKE,TRANSIENT ISCHEMIC ATTACK;36210384;Stroke
"STROKE;TELEMETRY;TRANSIENT ISCHEMIC ATTACK";373503;Transient cerebral ischemia
"STROKE;TELEMETRY;TRANSIENT ISCHEMIC ATTACK";36210384;Stroke
STROKE-TRANSIENT ISCHEMIC ATTACK;373503;Transient cerebral ischemia
STROKE-TRANSIENT ISCHEMIC ATTACK;36210384;Stroke
"STROKE;TELEMETRY";36210384;Stroke
STROKE/TIA;373503;Transient cerebral ischemia
STROKE/TIA;36210384;Stroke
"STROKE;TIA";373503;Transient cerebral ischemia
"STROKE;TIA";36210384;Stroke
CAROTID STENOSIS\CAROTID ANGIOGRAM;442615;Carotid artery stenosis
CAROTID STENOSIS\CAROTID ANGIOGRAM;4171237;Fluoroscopic angiography of carotid artery
CAROTID STENOSIS\CAROTID ANGIOGRAM AND STENT;442615;Carotid artery stenosis
CAROTID STENOSIS\CAROTID ANGIOGRAM AND STENT;4171237;Fluoroscopic angiography of carotid artery
CAROTID STENOSIS/SDA;442615;Carotid artery stenosis
CAROTID STENOSIS;442615;Carotid artery stenosis
TOE INFECTION;4114311;Infection of toe
TONGUE SWELLING;4222234;Tongue swelling
TORSADE;4135823;Torsades de pointes
TORSADES;4135823;Torsades de pointes
TOXICITY;442562;Poisoning
TOXICITY;45882366;Poisoning
TOXIC MEGACOLON;4102479;Toxic megacolon
TOXIC SHOCK;201214;Toxic shock syndrome
TRACHEAL FISTULA;4121300;Tracheal fistula
TRACHEAL STENOSIS;4010275;Stenosis of trachea
TRACHEAL STENOSIS/SDA;4010275;Stenosis of trachea
TRACHEOBRONCHOMALACIA;4124675;Tracheobronchomalacia
TRACHEOBRONCHOMALACIA/SDA;4124675;Tracheobronchomalacia
TRACHEOBRONCHIOMALACIA/SDA;4124675;Tracheobronchomalacia
TRACHEOMALACIA;4316221;Tracheomalacia
TRACHEOSTOMY;4059472;H/O: tracheostomy
TRANSFUSION REACTION;45771036;After transfusion reaction
TRANSPLANT;4088199;Transplant
TRANSPLANT;4139964;Transplant
TRANSPLANT REJECTION;4309320;Transplanted organ rejection
S/P TRAUMA;45879883;Trauma
TRAUMA;45879883;Trauma
HEAD TRAUMA;45879883;Trauma
POLYTRAUMA;4096313;Multiple injuries
POLYTRAUMA;4134267;Multiple injuries
MULTIPLE TRAUMA;4096313;Multiple injuries
MULTIPLE TRAUMA;4134267;Multiple injuries
TRAUMATIC BRAIN INJURY;4132546;Traumatic brain injury
TRAUMATIC SUBDURAL HEMATOMA;4136546;Traumatic subdural hematoma
TRAUMATIC SUBDURAL HEMORRHAGE;4017107;Traumatic subdural hemorrhage
TREMOR;443782;Tremor
TRICYCLIC ANTIDEPRESSANT;4178411;Overdose of tricyclic antidepressant
TRIGEMINAL NEURALGIA;379801;Trigeminal neuralgia
"TRIGEMINAL;NEURALGIA";379801;Trigeminal neuralgia
+ TROPONIN;4009409;Troponin
+ TROPONIN;44793053;Cardiac troponin positive
TYPHLITIS;4189378;Typhlitis
ULCER;4177703;Ulcer
ULCER;4206914;Ulcer
ULCERATIVE COLITIS;81893;Ulcerative colitis
UMBILICAL HERNIA;4245842;Umbilical hernia
UNRESPONSIVE;4309389;Unresponsive
UNRESPONSIVENESS;4309389;Unresponsive
UPPER GASTROINTESTINAL ;4291649;Upper gastrointestinal hemorrhage
UREMIA;4261202;Uremia
URETERAL STONE;4297104;Ureteric stone
URETERAL STONE;201916;Ureteric stone
URINARY RETENTION;4035673;Bladder retention of urine
UTERINE BLEED;45757810;Abnormal uterine bleeding
UTI;81902;Urinary tract infectious disease
UROSEPSIS;81902;Urinary tract infectious disease
URINARY TRACT INFECTION;81902;Urinary tract infectious disease
UTI/PYELONEPHRITIS;81902;Urinary tract infectious disease
UTI/PYELONEPHRITIS;198199;Pyelonephritis
"URINARY TRACT INFECTION;PYELONEPHRITIS";81902;Urinary tract infectious disease
"URINARY TRACT INFECTION;PYELONEPHRITIS";198199;Pyelonephritis
UVEITIS;4028363;Uveitis
VAGINAL BLEED;4129155;Vaginal bleeding
VAGINAL BLEEDING;4129155;Vaginal bleeding
VARICEAL BLEED;4237283;Bleeding varices
VARICEAL BLEEDING;4237283;Bleeding varices
VASCULAR OCCLUSION;4119612;Lower limb ischemia
VASCULITIS;4137275;Vasculitis
VASOSPASM;4215494;Vasospasm
VENOUS THROMBOSIS;444247;Venous thrombosis
VENTRAL HERNIA;4031973;Repair of ventral hernia
VENTRAL HERNIA/SDA;4031973;Repair of ventral hernia
VENTRICULAR BIGEMINY;4008580;Ventricular bigeminy
VENTRICULAR FIBRILLATION;437894;Ventricular fibrillation
VENTRICULAR FIBRILLATION;4064455;EKG: ventricular fibrillation
VENTRICULAR HEMORRHAGE;443752;Ventricular hemorrhage
VENTRICULAR MASS;43530615;Colloid brain cyst
VENTRICULAR TACHYCARDIA;4103295;Ventricular tachycardia
VTACH;4103295;Ventricular tachycardia
V TACH;4103295;Ventricular tachycardia
VENTRICULOMEGALY;4188846;Cerebral ventriculomegaly
VERTEBRAL ARTERY DISSECTION;432346;Vertebral artery dissection
VERTEBRAL ARTERY OCCLUSION;439296;Vertebral artery occlusion
VERTEBRAL ARTERY STENOSIS;380423;Vertebral artery stenosis
VERTEBRAL FRACTURE;4174520;Fracture of vertebral column
VERTIGO;439383;Vertigo
VIRAL GASTROENTERITIS;4008724;Viral gastroenteritis
VIRAL MENINGITIS;433403;Viral meningitis
VOLVULUS;197603;Intestinal volvulus
? VOLVULUS;197603;Intestinal volvulus
VOMITING;441408;Vomiting
VOMITTING;441408;Vomiting
WEAKNESS;4124461;Weak
WEIGHT LOSS;4229881;Weight loss
WEIGHT LOSS;4181042;Weight loss
WET GANGRENE;4321594;Wet gangrene
WITHDRAWAL;45876683;Withdrawal
WOUND DEHISCENCE;4253777;Wound dehiscence
WOUND DEHISCENCE;439981;Wound dehiscence
WOUND DRAINAGE;4073688;Incision and drainage of wound
WOUND HEMATOMA;4343214;Wound hematoma
WOUND INFECTION;44806641; Infection associated with wound
STERNAL WOUND INFECTION;44806641; Infection associated with wound
STERNAL WOUND INFECTION;4211392;Bone structure of sternum